layTheoryWeight,anger,sadness,happiness,prob
0.7571102643751385,0.47395762702721855,0.01644720938392691,0.14826451714260439,0.0005000000000000001
0.7571102643751385,0.47395762702721855,0.01644720938392691,0.30938905820482254,0.0014999999999999994
0.7571102643751385,0.47395762702721855,0.01644720938392691,0.4811316431331775,0.0005000000000000001
0.6113696075567584,0.47395762702721855,0.01644720938392691,0.4811316431331775,0.0010000000000000002
0.6113696075567584,0.13469725836790927,0.01644720938392691,0.4811316431331775,0.0014999999999999994
0.6113696075567584,0.12259299139529864,0.01644720938392691,0.4811316431331775,0.0005000000000000001
0.4527895706142361,0.12259299139529864,0.01644720938392691,0.4811316431331775,0.0010000000000000002
0.4527895706142361,0.12259299139529864,0.01644720938392691,0.45218657185653477,0.0010000000000000002
0.4527895706142361,0.47395762702721855,0.01644720938392691,0.45218657185653477,0.0005000000000000001
0.4527895706142361,0.47395762702721855,0.01644720938392691,0.30938905820482254,0.0025000000000000005
0.4527895706142361,0.47395762702721855,0.01644720938392691,0.9452257597436452,0.0014999999999999994
0.4527895706142361,0.47395762702721855,0.01644720938392691,0.7928249566672355,0.0025000000000000005
0.4527895706142361,0.47395762702721855,0.01644720938392691,0.35262144084340574,0.003500000000000001
0.29934658933854463,0.47395762702721855,0.01644720938392691,0.35262144084340574,0.0005000000000000001
0.29934658933854463,0.47395762702721855,0.01644720938392691,0.04533026751929033,0.0025000000000000005
0.29934658933854463,0.47395762702721855,0.01644720938392691,0.20888529808520298,0.0005000000000000001
0.29934658933854463,0.47395762702721855,0.01644720938392691,0.045192666929515755,0.0005000000000000001
0.1695441102739972,0.47395762702721855,0.01644720938392691,0.045192666929515755,0.0014999999999999994
0.1695441102739972,0.47395762702721855,0.01644720938392691,0.0579740617044003,0.0005000000000000001
0.1695441102739972,0.47395762702721855,0.01644720938392691,0.14826451714260439,0.0010000000000000002
0.1695441102739972,0.10364379583071517,0.01644720938392691,0.14826451714260439,0.0014999999999999994
0.15121828555420586,0.10364379583071517,0.01644720938392691,0.14826451714260439,0.0020000000000000005
0.15121828555420586,0.10364379583071517,0.01644720938392691,0.02357620284877052,0.0020000000000000005
0.15121828555420586,0.10364379583071517,0.01644720938392691,0.00849882103863081,0.0005000000000000001
0.15121828555420586,0.10364379583071517,0.01644720938392691,0.17585027035130008,0.0005000000000000001
0.15121828555420586,0.10364379583071517,0.01644720938392691,0.17730323213855803,0.0005000000000000001
0.15121828555420586,0.1486273911409092,0.01644720938392691,0.17730323213855803,0.0010000000000000002
0.15121828555420586,0.1486273911409092,0.01644720938392691,0.68661726401159,0.0010000000000000002
0.15121828555420586,0.1486273911409092,0.01644720938392691,0.0579740617044003,0.0005000000000000001
0.15121828555420586,0.1486273911409092,0.01644720938392691,0.7928249566672355,0.0020000000000000005
0.15121828555420586,0.21325294306588216,0.01644720938392691,0.7928249566672355,0.0014999999999999994
0.15121828555420586,0.0743269005406798,0.01644720938392691,0.7928249566672355,0.0010000000000000002
0.15121828555420586,0.0743269005406798,0.01644720938392691,0.007589248835022694,0.0020000000000000005
0.15121828555420586,0.0743269005406798,0.01644720938392691,0.3877140615639494,0.0010000000000000002
0.15121828555420586,0.009950304786239764,0.01644720938392691,0.3877140615639494,0.0005000000000000001
0.15121828555420586,0.13246785432262964,0.01644720938392691,0.3877140615639494,0.0010000000000000002
0.15121828555420586,0.13246785432262964,0.01644720938392691,0.3883342461070546,0.0005000000000000001
0.15121828555420586,0.13246785432262964,0.01644720938392691,0.7850208854084673,0.0010000000000000002
0.15121828555420586,0.23656353121607357,0.01644720938392691,0.7850208854084673,0.0005000000000000001
0.15121828555420586,0.23656353121607357,0.01644720938392691,0.06701867681796941,0.0010000000000000002
0.15121828555420586,0.23656353121607357,0.01644720938392691,0.8019858302774481,0.0010000000000000002
0.15121828555420586,0.055349333518718465,0.01644720938392691,0.8019858302774481,0.0005000000000000001
0.15121828555420586,0.0015061060649076755,0.01644720938392691,0.8019858302774481,0.0014999999999999994
0.15121828555420586,0.016318895932828117,0.01644720938392691,0.8019858302774481,0.0005000000000000001
0.15121828555420586,0.016318895932828117,0.01644720938392691,0.06579080704353402,0.0005000000000000001
0.15121828555420586,0.016318895932828117,0.01644720938392691,0.2662242348890603,0.0010000000000000002
0.15121828555420586,0.016318895932828117,0.01644720938392691,0.8964617813056195,0.0005000000000000001
0.15121828555420586,0.0661804335493688,0.01644720938392691,0.8964617813056195,0.0005000000000000001
0.15121828555420586,0.0661804335493688,0.01644720938392691,0.4448038179376829,0.0005000000000000001
0.567605186737489,0.0661804335493688,0.01644720938392691,0.4448038179376829,0.0005000000000000001
0.005299251203445618,0.0661804335493688,0.01644720938392691,0.4448038179376829,0.0005000000000000001
0.005299251203445618,0.0661804335493688,0.01644720938392691,0.14826451714260439,0.0005000000000000001
0.005299251203445618,0.0661804335493688,0.01644720938392691,0.6371610286219891,0.0010000000000000002
0.005299251203445618,0.0661804335493688,0.01644720938392691,0.3883342461070546,0.0025000000000000005
0.005299251203445618,0.0661804335493688,0.01644720938392691,0.6040984161907842,0.0010000000000000002
0.005299251203445618,0.0661804335493688,0.1644272975219784,0.6040984161907842,0.0005000000000000001
0.005299251203445618,0.0661804335493688,0.1644272975219784,0.8616120729302639,0.0005000000000000001
0.005299251203445618,0.0661804335493688,0.1644272975219784,0.03471041821212647,0.0010000000000000002
0.005299251203445618,0.0661804335493688,0.1644272975219784,0.24549281950729263,0.0005000000000000001
0.005299251203445618,0.0661804335493688,0.1644272975219784,0.2623376302615447,0.0005000000000000001
0.005299251203445618,0.0661804335493688,0.023296999868790164,0.2623376302615447,0.0005000000000000001
0.005299251203445618,0.1495864418003685,0.023296999868790164,0.2623376302615447,0.0005000000000000001
0.005299251203445618,0.1495864418003685,0.023296999868790164,0.8964617813056195,0.0020000000000000005
0.005299251203445618,0.06429267300512569,0.023296999868790164,0.8964617813056195,0.0010000000000000002
0.05793542417465378,0.06429267300512569,0.023296999868790164,0.8964617813056195,0.0005000000000000001
0.05793542417465378,0.08323615197931467,0.023296999868790164,0.8964617813056195,0.0005000000000000001
0.05793542417465378,0.08323615197931467,0.023296999868790164,0.12932346308772244,0.007499999999999998
0.05793542417465378,0.08323615197931467,0.023296999868790164,0.9673056203629488,0.0025000000000000005
0.4704364509773858,0.08323615197931467,0.023296999868790164,0.9673056203629488,0.0010000000000000002
0.4704364509773858,0.08323615197931467,0.023296999868790164,0.6596156581552298,0.0014999999999999994
0.1939572254004312,0.08323615197931467,0.023296999868790164,0.6596156581552298,0.0010000000000000002
0.1939572254004312,0.08323615197931467,0.023296999868790164,0.30938905820482254,0.0005000000000000001
0.23855414651971105,0.08323615197931467,0.023296999868790164,0.30938905820482254,0.0005000000000000001
0.23855414651971105,0.08323615197931467,0.023296999868790164,0.4811316431331775,0.0010000000000000002
0.16195789532233346,0.08323615197931467,0.023296999868790164,0.4811316431331775,0.0005000000000000001
0.16195789532233346,0.08323615197931467,0.023296999868790164,0.45218657185653477,0.0010000000000000002
0.16195789532233346,0.08323615197931467,0.023296999868790164,0.005386530879707037,0.0005000000000000001
0.16195789532233346,0.08323615197931467,0.023296999868790164,0.9278300193152288,0.0005000000000000001
0.16195789532233346,0.12473194437275982,0.023296999868790164,0.9278300193152288,0.0005000000000000001
0.16195789532233346,0.009950304786239764,0.023296999868790164,0.9278300193152288,0.0005000000000000001
0.00018307707960135098,0.009950304786239764,0.023296999868790164,0.9278300193152288,0.0005000000000000001
0.00018307707960135098,0.009950304786239764,0.023296999868790164,0.24233027763369752,0.0010000000000000002
0.00018307707960135098,0.009950304786239764,0.023296999868790164,0.8318927957107219,0.0005000000000000001
0.00018307707960135098,0.009950304786239764,0.023296999868790164,0.045192666929515755,0.0014999999999999994
0.00018307707960135098,0.009950304786239764,0.023296999868790164,0.8752422795947407,0.0014999999999999994
0.00018307707960135098,0.009950304786239764,0.023296999868790164,0.011008592883388213,0.0010000000000000002
0.00018307707960135098,0.08334478881605613,0.023296999868790164,0.011008592883388213,0.0020000000000000005
0.2461748140511909,0.08334478881605613,0.023296999868790164,0.011008592883388213,0.0010000000000000002
0.2461748140511909,0.08334478881605613,0.023296999868790164,0.30938905820482254,0.0005000000000000001
0.2461748140511909,0.3144585256361852,0.023296999868790164,0.30938905820482254,0.0005000000000000001
0.37460524730185585,0.3144585256361852,0.023296999868790164,0.30938905820482254,0.0010000000000000002
0.37460524730185585,0.3144585256361852,0.023296999868790164,0.3914844371727081,0.0014999999999999994
0.37460524730185585,0.1495864418003685,0.023296999868790164,0.3914844371727081,0.0020000000000000005
0.6536462960080306,0.1495864418003685,0.023296999868790164,0.3914844371727081,0.0005000000000000001
0.43571133515882715,0.1495864418003685,0.023296999868790164,0.3914844371727081,0.0010000000000000002
0.43571133515882715,0.1495864418003685,0.023296999868790164,0.4600289718848652,0.0005000000000000001
0.24936202661188395,0.1495864418003685,0.023296999868790164,0.4600289718848652,0.0005000000000000001
0.24936202661188395,0.1495864418003685,0.023296999868790164,0.8964617813056195,0.0005000000000000001
0.24936202661188395,0.009950304786239764,0.023296999868790164,0.8964617813056195,0.0005000000000000001
0.24936202661188395,0.13121104340964465,0.023296999868790164,0.8964617813056195,0.0005000000000000001
0.24936202661188395,0.21325294306588216,0.023296999868790164,0.8964617813056195,0.0005000000000000001
0.24936202661188395,0.21325294306588216,0.023296999868790164,0.12562549748490703,0.0005000000000000001
0.08463447759137731,0.21325294306588216,0.023296999868790164,0.12562549748490703,0.0025000000000000005
0.08463447759137731,0.20865741160890072,0.023296999868790164,0.12562549748490703,0.0005000000000000001
0.08463447759137731,0.20865741160890072,0.023296999868790164,0.05075216691620426,0.0010000000000000002
0.08463447759137731,0.0015061060649076755,0.023296999868790164,0.05075216691620426,0.0005000000000000001
0.08463447759137731,0.0015061060649076755,0.023296999868790164,0.11322140283979008,0.0005000000000000001
0.08463447759137731,0.28753621862388595,0.023296999868790164,0.11322140283979008,0.0010000000000000002
0.08463447759137731,0.28753621862388595,0.023296999868790164,0.05098886042936574,0.0010000000000000002
0.08463447759137731,0.18160083558894857,0.023296999868790164,0.05098886042936574,0.0005000000000000001
0.3208168273845476,0.18160083558894857,0.023296999868790164,0.05098886042936574,0.0005000000000000001
0.3208168273845476,0.1495864418003685,0.023296999868790164,0.05098886042936574,0.0005000000000000001
0.3208168273845476,0.1495864418003685,0.023296999868790164,0.6371610286219891,0.0005000000000000001
0.3208168273845476,0.1495864418003685,0.023296999868790164,0.051051543391166646,0.0005000000000000001
0.3208168273845476,0.1495864418003685,0.023296999868790164,0.14826451714260439,0.0010000000000000002
0.3208168273845476,0.4979101878637422,0.023296999868790164,0.14826451714260439,0.0005000000000000001
0.3208168273845476,0.4979101878637422,0.023296999868790164,0.30938905820482254,0.0010000000000000002
0.7872558608518992,0.4979101878637422,0.023296999868790164,0.30938905820482254,0.0005000000000000001
0.8506115857226043,0.4979101878637422,0.023296999868790164,0.30938905820482254,0.0005000000000000001
0.7392057055024738,0.4979101878637422,0.023296999868790164,0.30938905820482254,0.0025000000000000005
0.7392057055024738,0.4979101878637422,0.023296999868790164,0.3413651481588187,0.0010000000000000002
0.7392057055024738,0.4979101878637422,0.023296999868790164,0.6596156581552298,0.0005000000000000001
0.7064271288174142,0.4979101878637422,0.023296999868790164,0.6596156581552298,0.0005000000000000001
0.8108411271847165,0.4979101878637422,0.023296999868790164,0.6596156581552298,0.0005000000000000001
0.8108411271847165,0.4979101878637422,0.023296999868790164,0.4811316431331775,0.0014999999999999994
0.8108411271847165,0.4979101878637422,0.023296999868790164,0.36484893688323405,0.0010000000000000002
0.8044873918481276,0.4979101878637422,0.023296999868790164,0.36484893688323405,0.0010000000000000002
0.8044873918481276,0.47395762702721855,0.023296999868790164,0.36484893688323405,0.0005000000000000001
0.8044873918481276,0.47395762702721855,0.023296999868790164,0.30938905820482254,0.0010000000000000002
0.8044873918481276,0.47395762702721855,0.023296999868790164,0.4600289718848652,0.0005000000000000001
0.8044873918481276,0.47395762702721855,0.023296999868790164,0.3268049494301329,0.0010000000000000002
0.5960474410017749,0.47395762702721855,0.023296999868790164,0.3268049494301329,0.0010000000000000002
0.5960474410017749,0.47395762702721855,0.023296999868790164,0.1043394428142119,0.0005000000000000001
0.5960474410017749,0.47395762702721855,0.023296999868790164,0.1776077445151546,0.0014999999999999994
0.5960474410017749,0.0604066088263415,0.023296999868790164,0.1776077445151546,0.0005000000000000001
0.1809781725823817,0.0604066088263415,0.023296999868790164,0.1776077445151546,0.0020000000000000005
0.5205914604715758,0.0604066088263415,0.023296999868790164,0.1776077445151546,0.0005000000000000001
0.5205914604715758,0.0604066088263415,0.023296999868790164,0.3268049494301329,0.0010000000000000002
0.5205914604715758,0.0604066088263415,0.023296999868790164,0.1833400279953501,0.0014999999999999994
0.5205914604715758,0.0604066088263415,0.023296999868790164,0.24671621792760642,0.0005000000000000001
0.5205914604715758,0.0604066088263415,0.023296999868790164,0.4341157446207684,0.0014999999999999994
0.6936018804583527,0.0604066088263415,0.023296999868790164,0.4341157446207684,0.0005000000000000001
0.6100800911807175,0.0604066088263415,0.023296999868790164,0.4341157446207684,0.0005000000000000001
0.6100800911807175,0.0604066088263415,0.023296999868790164,0.3840626710809047,0.0014999999999999994
0.5904909698490535,0.0604066088263415,0.023296999868790164,0.3840626710809047,0.0010000000000000002
0.5904909698490535,0.0604066088263415,0.023296999868790164,0.25357268072897715,0.0020000000000000005
0.5904909698490535,0.0604066088263415,0.023296999868790164,0.23593099655277694,0.0014999999999999994
0.5904909698490535,0.0604066088263415,0.023296999868790164,0.44837149417332184,0.0005000000000000001
0.5904909698490535,0.49216697324871617,0.023296999868790164,0.44837149417332184,0.0020000000000000005
0.5904909698490535,0.49216697324871617,0.023296999868790164,0.451637405255751,0.0005000000000000001
0.5904909698490535,0.47395762702721855,0.023296999868790164,0.451637405255751,0.0025000000000000005
0.8213628498198755,0.47395762702721855,0.023296999868790164,0.451637405255751,0.0005000000000000001
0.26809232011028217,0.47395762702721855,0.023296999868790164,0.451637405255751,0.0005000000000000001
0.26809232011028217,0.47395762702721855,0.023296999868790164,0.12562549748490703,0.0005000000000000001
0.26809232011028217,0.17817718545820385,0.023296999868790164,0.12562549748490703,0.0005000000000000001
0.26809232011028217,0.17817718545820385,0.023296999868790164,0.1833400279953501,0.0014999999999999994
0.14005655926036897,0.17817718545820385,0.023296999868790164,0.1833400279953501,0.002999999999999999
0.14005655926036897,0.08323615197931467,0.023296999868790164,0.1833400279953501,0.0020000000000000005
0.14005655926036897,0.21643584255007195,0.023296999868790164,0.1833400279953501,0.002999999999999999
0.14005655926036897,0.21643584255007195,0.023296999868790164,0.04791102462443882,0.0010000000000000002
0.14005655926036897,0.28753621862388595,0.023296999868790164,0.04791102462443882,0.0014999999999999994
0.14005655926036897,0.13469725836790927,0.023296999868790164,0.04791102462443882,0.0020000000000000005
0.14005655926036897,0.13469725836790927,0.023296999868790164,0.20888529808520298,0.0014999999999999994
0.14005655926036897,0.13469725836790927,0.023296999868790164,0.9278300193152288,0.0005000000000000001
0.20788359117126398,0.13469725836790927,0.023296999868790164,0.9278300193152288,0.0005000000000000001
0.36666031619586814,0.13469725836790927,0.023296999868790164,0.9278300193152288,0.0010000000000000002
0.36666031619586814,0.06884705614302362,0.023296999868790164,0.9278300193152288,0.0005000000000000001
0.06146744366312647,0.06884705614302362,0.023296999868790164,0.9278300193152288,0.0025000000000000005
0.06146744366312647,0.0604066088263415,0.023296999868790164,0.9278300193152288,0.0010000000000000002
0.06146744366312647,0.0604066088263415,0.023296999868790164,0.011802370393806032,0.0025000000000000005
0.500799867037398,0.0604066088263415,0.023296999868790164,0.011802370393806032,0.0005000000000000001
0.456479123572363,0.0604066088263415,0.023296999868790164,0.011802370393806032,0.0005000000000000001
0.456479123572363,0.0604066088263415,0.023296999868790164,0.8964617813056195,0.003500000000000001
0.456479123572363,0.0604066088263415,0.023296999868790164,0.1043394428142119,0.0005000000000000001
0.18737594578633127,0.0604066088263415,0.023296999868790164,0.1043394428142119,0.0025000000000000005
0.18737594578633127,0.0604066088263415,0.023296999868790164,0.046067995434466526,0.0010000000000000002
0.18737594578633127,0.11385865465917956,0.023296999868790164,0.046067995434466526,0.002999999999999999
0.23716370660976693,0.11385865465917956,0.023296999868790164,0.046067995434466526,0.0005000000000000001
0.23716370660976693,0.11385865465917956,0.023296999868790164,0.00849882103863081,0.0005000000000000001
0.23716370660976693,0.11385865465917956,0.023296999868790164,0.6991479424221753,0.0014999999999999994
0.26070767516838084,0.11385865465917956,0.023296999868790164,0.6991479424221753,0.0020000000000000005
0.26070767516838084,0.11385865465917956,0.023296999868790164,0.8019858302774481,0.0010000000000000002
0.26070767516838084,0.11385865465917956,0.023296999868790164,0.35262144084340574,0.0014999999999999994
0.26070767516838084,0.023566979771020284,0.023296999868790164,0.35262144084340574,0.0010000000000000002
0.26070767516838084,0.023566979771020284,0.023296999868790164,0.11322140283979008,0.0010000000000000002
0.43882582353866667,0.023566979771020284,0.023296999868790164,0.11322140283979008,0.0014999999999999994
0.43882582353866667,0.023566979771020284,0.023296999868790164,0.6991479424221753,0.0010000000000000002
0.43882582353866667,0.023566979771020284,0.023296999868790164,0.45218657185653477,0.0010000000000000002
0.43882582353866667,0.1289536379520098,0.023296999868790164,0.45218657185653477,0.0005000000000000001
0.32780417672853285,0.1289536379520098,0.023296999868790164,0.45218657185653477,0.0025000000000000005
0.32780417672853285,0.18160083558894857,0.023296999868790164,0.45218657185653477,0.0020000000000000005
0.32780417672853285,0.18160083558894857,0.023296999868790164,0.439315408853908,0.0010000000000000002
0.32780417672853285,0.18160083558894857,0.023296999868790164,0.1277422363069103,0.0005000000000000001
0.32780417672853285,0.18160083558894857,0.023296999868790164,0.34763520055030855,0.0005000000000000001
0.32780417672853285,0.18160083558894857,0.023296999868790164,0.0027141288881131413,0.0005000000000000001
0.3274284278235558,0.18160083558894857,0.023296999868790164,0.45218657185653477,0.0005000000000000001
0.3274284278235558,0.011702681454495163,0.023296999868790164,0.45218657185653477,0.0005000000000000001
0.3274284278235558,0.011702681454495163,0.023296999868790164,0.1277422363069103,0.0014999999999999994
0.3274284278235558,0.011702681454495163,0.023296999868790164,0.22116812141359082,0.002999999999999999
0.3274284278235558,0.11928922595289353,0.023296999868790164,0.22116812141359082,0.0005000000000000001
0.3274284278235558,0.11928922595289353,0.023296999868790164,0.45218657185653477,0.0005000000000000001
0.3274284278235558,0.11928922595289353,0.023296999868790164,0.4448038179376829,0.0010000000000000002
0.3274284278235558,0.12259299139529864,0.023296999868790164,0.4448038179376829,0.0010000000000000002
0.24865261013541723,0.12259299139529864,0.023296999868790164,0.4448038179376829,0.0010000000000000002
0.01906057817611047,0.12259299139529864,0.023296999868790164,0.4448038179376829,0.0014999999999999994
0.01906057817611047,0.12259299139529864,0.023296999868790164,0.34763520055030855,0.0005000000000000001
0.01906057817611047,0.0661804335493688,0.023296999868790164,0.34763520055030855,0.0010000000000000002
0.01906057817611047,0.0661804335493688,0.023296999868790164,0.03620634707116466,0.0005000000000000001
0.01906057817611047,0.11928922595289353,0.023296999868790164,0.03620634707116466,0.0010000000000000002
0.121302495417195,0.11928922595289353,0.023296999868790164,0.03620634707116466,0.003500000000000001
0.121302495417195,0.0604066088263415,0.023296999868790164,0.03620634707116466,0.0005000000000000001
0.121302495417195,0.0604066088263415,0.4943922865363007,0.03620634707116466,0.0005000000000000001
0.02615059319201989,0.0604066088263415,0.4943922865363007,0.03620634707116466,0.002999999999999999
0.02615059319201989,0.0604066088263415,0.4943922865363007,0.046067995434466526,0.0020000000000000005
0.2467858987763554,0.0604066088263415,0.4943922865363007,0.046067995434466526,0.0005000000000000001
0.2467858987763554,0.0661804335493688,0.4943922865363007,0.046067995434466526,0.0005000000000000001
0.2467858987763554,0.0661804335493688,0.4943922865363007,0.17730323213855803,0.004000000000000002
0.2467858987763554,0.0661804335493688,0.4943922865363007,0.24549281950729263,0.0010000000000000002
0.2467858987763554,0.06884705614302362,0.4943922865363007,0.24549281950729263,0.0005000000000000001
0.2467858987763554,0.06884705614302362,0.4943922865363007,0.00979442664181926,0.0010000000000000002
0.2467858987763554,0.06884705614302362,0.4943922865363007,0.06624245011943705,0.0010000000000000002
0.2467858987763554,0.06884705614302362,0.4943922865363007,0.19670638807778848,0.002999999999999999
0.2467858987763554,0.06884705614302362,0.4943922865363007,0.00849882103863081,0.0005000000000000001
0.39046722428478053,0.06884705614302362,0.4943922865363007,0.00849882103863081,0.0005000000000000001
0.39046722428478053,0.06884705614302362,0.4943922865363007,0.046067995434466526,0.0005000000000000001
0.35037861051871266,0.06884705614302362,0.4943922865363007,0.046067995434466526,0.0005000000000000001
0.35037861051871266,0.06884705614302362,0.4943922865363007,0.11622702535651229,0.0014999999999999994
0.35037861051871266,0.06884705614302362,0.4943922865363007,0.3268049494301329,0.0005000000000000001
0.35037861051871266,0.13469725836790927,0.4943922865363007,0.3268049494301329,0.0005000000000000001
0.35037861051871266,0.13469725836790927,0.4943922865363007,0.25711286470381073,0.0010000000000000002
0.5580800712660162,0.13469725836790927,0.4943922865363007,0.25711286470381073,0.0005000000000000001
0.5580800712660162,0.13469725836790927,0.4943922865363007,0.4600289718848652,0.0010000000000000002
0.5580800712660162,0.13469725836790927,0.4943922865363007,0.5763429586819787,0.0005000000000000001
0.5580800712660162,0.13469725836790927,0.4943922865363007,0.3914844371727081,0.0020000000000000005
0.6831355583385509,0.13469725836790927,0.4943922865363007,0.3914844371727081,0.0005000000000000001
0.6831355583385509,0.13469725836790927,0.4943922865363007,0.12932346308772244,0.0005000000000000001
0.6831355583385509,0.49216697324871617,0.4943922865363007,0.12932346308772244,0.0005000000000000001
0.1823868014677346,0.49216697324871617,0.4943922865363007,0.12932346308772244,0.0005000000000000001
0.4217179941565167,0.49216697324871617,0.4943922865363007,0.12932346308772244,0.0005000000000000001
0.5284609457253391,0.49216697324871617,0.4943922865363007,0.12932346308772244,0.0005000000000000001
0.5284609457253391,0.23656353121607357,0.4943922865363007,0.12932346308772244,0.0010000000000000002
0.5284609457253391,0.035885473824630774,0.4943922865363007,0.12932346308772244,0.0014999999999999994
0.5284609457253391,0.035885473824630774,0.4943922865363007,0.38230853482239,0.0010000000000000002
0.3491291639799729,0.035885473824630774,0.4943922865363007,0.38230853482239,0.0010000000000000002
0.6364357818319883,0.035885473824630774,0.4943922865363007,0.38230853482239,0.0005000000000000001
0.05292863428618393,0.035885473824630774,0.4943922865363007,0.38230853482239,0.0005000000000000001
0.05292863428618393,0.28753621862388595,0.4943922865363007,0.38230853482239,0.0014999999999999994
0.3041011066929823,0.28753621862388595,0.4943922865363007,0.38230853482239,0.0010000000000000002
0.3041011066929823,0.28753621862388595,0.4943922865363007,0.03471041821212647,0.0010000000000000002
0.010340928590533729,0.28753621862388595,0.4943922865363007,0.03471041821212647,0.0010000000000000002
0.010340928590533729,0.0968705260355893,0.4943922865363007,0.03471041821212647,0.0005000000000000001
0.010340928590533729,0.3144585256361852,0.4943922865363007,0.03471041821212647,0.0010000000000000002
0.010340928590533729,0.3144585256361852,0.4943922865363007,0.24549281950729263,0.0014999999999999994
0.010340928590533729,0.3144585256361852,0.4943922865363007,0.3877140615639494,0.0005000000000000001
0.010340928590533729,0.3144585256361852,0.4943922865363007,0.06624245011943705,0.0005000000000000001
0.010340928590533729,0.3144585256361852,0.4943922865363007,0.03620634707116466,0.003500000000000001
0.010340928590533729,0.3144585256361852,0.4943922865363007,0.1367364325943999,0.0005000000000000001
0.010340928590533729,0.030483642182046074,0.4943922865363007,0.1367364325943999,0.0005000000000000001
0.010340928590533729,0.030483642182046074,0.4943922865363007,0.011008592883388213,0.0010000000000000002
0.010340928590533729,0.011702681454495163,0.4943922865363007,0.011008592883388213,0.0005000000000000001
0.010340928590533729,0.17817718545820385,0.4943922865363007,0.011008592883388213,0.0005000000000000001
0.010340928590533729,0.17817718545820385,0.4943922865363007,0.06579080704353402,0.0005000000000000001
0.010340928590533729,0.17817718545820385,0.4943922865363007,0.22116812141359082,0.002999999999999999
0.05596990482899915,0.17817718545820385,0.4943922865363007,0.22116812141359082,0.0005000000000000001
0.05596990482899915,0.17817718545820385,0.4943922865363007,0.8318927957107219,0.0014999999999999994
0.05596990482899915,0.17817718545820385,0.4943922865363007,0.8705211509427997,0.0025000000000000005
0.05596990482899915,0.17817718545820385,0.4943922865363007,0.4214909869275313,0.0005000000000000001
0.05596990482899915,0.17817718545820385,0.4943922865363007,0.34198665928971667,0.0005000000000000001
0.05596990482899915,0.17817718545820385,0.4943922865363007,0.24549281950729263,0.0005000000000000001
0.27243825566691965,0.17817718545820385,0.4943922865363007,0.24549281950729263,0.0014999999999999994
0.27243825566691965,0.17817718545820385,0.4943922865363007,0.4600289718848652,0.004000000000000002
0.27243825566691965,0.17817718545820385,0.4943922865363007,0.007589248835022694,0.0010000000000000002
0.27243825566691965,0.17817718545820385,0.1644272975219784,0.007589248835022694,0.0005000000000000001
0.27243825566691965,0.17817718545820385,0.1644272975219784,0.7928249566672355,0.0005000000000000001
0.27243825566691965,0.1495864418003685,0.1644272975219784,0.7928249566672355,0.0005000000000000001
0.27243825566691965,0.016318895932828117,0.1644272975219784,0.7928249566672355,0.0005000000000000001
0.27243825566691965,0.016318895932828117,0.1644272975219784,0.06701867681796941,0.0010000000000000002
0.27243825566691965,0.016318895932828117,0.1644272975219784,0.9452257597436452,0.0020000000000000005
0.27243825566691965,0.3148480766325711,0.1644272975219784,0.9452257597436452,0.0020000000000000005
0.03813995722790052,0.3148480766325711,0.1644272975219784,0.9452257597436452,0.0010000000000000002
0.03813995722790052,0.3148480766325711,0.1644272975219784,0.8223029564495736,0.0005000000000000001
0.03813995722790052,0.3961782605309129,0.1644272975219784,0.8223029564495736,0.0005000000000000001
0.03813995722790052,0.21643584255007195,0.1644272975219784,0.8223029564495736,0.0005000000000000001
0.2728785487668996,0.21643584255007195,0.1644272975219784,0.8223029564495736,0.0014999999999999994
0.056338939772666935,0.21643584255007195,0.1644272975219784,0.8223029564495736,0.0005000000000000001
0.056338939772666935,0.21643584255007195,0.1644272975219784,0.020904859480454,0.0005000000000000001
0.056338939772666935,0.011702681454495163,0.1644272975219784,0.020904859480454,0.0025000000000000005
0.1103861124036637,0.011702681454495163,0.1644272975219784,0.020904859480454,0.0005000000000000001
0.1103861124036637,0.011702681454495163,0.1644272975219784,0.13306025362326562,0.0010000000000000002
0.1103861124036637,0.3961782605309129,0.1644272975219784,0.13306025362326562,0.0005000000000000001
0.1103861124036637,0.3961782605309129,0.1644272975219784,0.20888529808520298,0.0005000000000000001
0.1103861124036637,0.3961782605309129,0.1644272975219784,0.045192666929515755,0.0010000000000000002
0.1103861124036637,0.3961782605309129,0.1644272975219784,0.2623376302615447,0.0005000000000000001
0.1103861124036637,0.13246785432262964,0.1644272975219784,0.2623376302615447,0.0014999999999999994
0.2637181339196122,0.13246785432262964,0.1644272975219784,0.2623376302615447,0.0010000000000000002
0.2637181339196122,0.13246785432262964,0.1644272975219784,0.35262144084340574,0.0014999999999999994
0.2637181339196122,0.08323615197931467,0.1644272975219784,0.35262144084340574,0.003500000000000001
0.2637181339196122,0.11385865465917956,0.1644272975219784,0.35262144084340574,0.0010000000000000002
0.2637181339196122,0.47395762702721855,0.1644272975219784,0.35262144084340574,0.0020000000000000005
0.29732938790381686,0.47395762702721855,0.1644272975219784,0.35262144084340574,0.0005000000000000001
0.29732938790381686,0.47395762702721855,0.1644272975219784,0.24671621792760642,0.0014999999999999994
0.29732938790381686,0.47395762702721855,0.1644272975219784,0.34763520055030855,0.0014999999999999994
0.24900539954686757,0.47395762702721855,0.1644272975219784,0.34763520055030855,0.0005000000000000001
0.24900539954686757,0.47395762702721855,0.1644272975219784,0.8019858302774481,0.0025000000000000005
0.24900539954686757,0.035885473824630774,0.1644272975219784,0.8019858302774481,0.0010000000000000002
0.07342419273697239,0.035885473824630774,0.1644272975219784,0.8019858302774481,0.0014999999999999994
0.07342419273697239,0.035885473824630774,0.1644272975219784,0.1043394428142119,0.0014999999999999994
0.07342419273697239,0.035885473824630774,0.1644272975219784,0.5741106455233869,0.0005000000000000001
0.07342419273697239,0.035885473824630774,0.1644272975219784,0.5763429586819787,0.0005000000000000001
0.07342419273697239,0.035885473824630774,0.1644272975219784,0.17730323213855803,0.0010000000000000002
0.07342419273697239,0.28753621862388595,0.1644272975219784,0.17730323213855803,0.0005000000000000001
0.031166817486846486,0.28753621862388595,0.1644272975219784,0.17730323213855803,0.0010000000000000002
0.031166817486846486,0.28753621862388595,0.1644272975219784,0.3239396661821489,0.0005000000000000001
0.031166817486846486,0.28753621862388595,0.1644272975219784,0.24233027763369752,0.0010000000000000002
0.031166817486846486,0.28753621862388595,0.1644272975219784,0.6371610286219891,0.0010000000000000002
0.031166817486846486,0.28753621862388595,0.1644272975219784,0.9293619378271594,0.0014999999999999994
0.031166817486846486,0.28753621862388595,0.1644272975219784,0.10505068622794154,0.0005000000000000001
0.1347565466225235,0.28753621862388595,0.1644272975219784,0.10505068622794154,0.0005000000000000001
0.1347565466225235,0.28753621862388595,0.1644272975219784,0.2556312470647445,0.0010000000000000002
0.32338193898539197,0.28753621862388595,0.1644272975219784,0.2556312470647445,0.0014999999999999994
0.32338193898539197,0.28753621862388595,0.1644272975219784,0.12570471770030076,0.0005000000000000001
0.32338193898539197,0.28753621862388595,0.1644272975219784,0.24233027763369752,0.0014999999999999994
0.32338193898539197,0.4813844860424295,0.1644272975219784,0.24233027763369752,0.0005000000000000001
0.32338193898539197,0.4813844860424295,0.1644272975219784,0.02357620284877052,0.0005000000000000001
0.32338193898539197,0.4813844860424295,0.1644272975219784,0.6371610286219891,0.0010000000000000002
0.32338193898539197,0.08334478881605613,0.1644272975219784,0.6371610286219891,0.0010000000000000002
0.25792132214137103,0.08334478881605613,0.1644272975219784,0.6371610286219891,0.0010000000000000002
0.25792132214137103,0.08334478881605613,0.1644272975219784,0.34198665928971667,0.0010000000000000002
0.08797335458107285,0.08334478881605613,0.1644272975219784,0.34198665928971667,0.0005000000000000001
0.08797335458107285,0.23620037323495147,0.1644272975219784,0.34198665928971667,0.0005000000000000001
0.35344904803290794,0.23620037323495147,0.1644272975219784,0.34198665928971667,0.0005000000000000001
0.05304612257853976,0.23620037323495147,0.1644272975219784,0.34198665928971667,0.0010000000000000002
0.05304612257853976,0.23620037323495147,0.1644272975219784,0.0027141288881131413,0.0025000000000000005
0.05304612257853976,0.23620037323495147,0.1644272975219784,0.2662242348890603,0.0010000000000000002
0.05304612257853976,0.23620037323495147,0.1644272975219784,0.68661726401159,0.0005000000000000001
0.05304612257853976,0.23620037323495147,0.1644272975219784,0.10076239963870197,0.0005000000000000001
0.05304612257853976,0.023566979771020284,0.1644272975219784,0.10076239963870197,0.0010000000000000002
0.05304612257853976,0.023566979771020284,0.1644272975219784,0.06624245011943705,0.002999999999999999
0.05304612257853976,0.023566979771020284,0.1644272975219784,0.9222516484239115,0.0005000000000000001
0.05304612257853976,0.1611178733151653,0.1644272975219784,0.9222516484239115,0.0010000000000000002
0.05304612257853976,0.1611178733151653,0.1644272975219784,0.17730323213855803,0.0005000000000000001
0.05304612257853976,0.3144585256361852,0.1644272975219784,0.17730323213855803,0.0005000000000000001
0.05304612257853976,0.06884705614302362,0.1644272975219784,0.17730323213855803,0.0005000000000000001
0.05304612257853976,0.20865741160890072,0.1644272975219784,0.17730323213855803,0.0014999999999999994
0.5112249572703934,0.20865741160890072,0.1644272975219784,0.17730323213855803,0.0005000000000000001
0.12481453583668843,0.20865741160890072,0.1644272975219784,0.17730323213855803,0.0005000000000000001
0.12481453583668843,0.20865741160890072,0.1644272975219784,0.7928249566672355,0.0014999999999999994
0.035580699436721264,0.20865741160890072,0.1644272975219784,0.7928249566672355,0.0005000000000000001
0.035580699436721264,0.20865741160890072,0.1644272975219784,0.013461959135953426,0.0020000000000000005
0.2020847586187704,0.20865741160890072,0.1644272975219784,0.013461959135953426,0.0010000000000000002
0.2020847586187704,0.20865741160890072,0.1644272975219784,0.07052465802203421,0.0014999999999999994
0.2020847586187704,0.20865741160890072,0.1644272975219784,0.19670638807778848,0.0010000000000000002
0.2020847586187704,0.20865741160890072,0.1644272975219784,0.2496754171319111,0.0010000000000000002
0.17349477030885654,0.20865741160890072,0.1644272975219784,0.07052465802203421,0.0005000000000000001
0.0007327293105689813,0.20865741160890072,0.1644272975219784,0.07052465802203421,0.0010000000000000002
0.0007327293105689813,0.20865741160890072,0.1644272975219784,0.9452257597436452,0.0014999999999999994
0.0007327293105689813,0.20865741160890072,0.1644272975219784,0.2662242348890603,0.0005000000000000001
0.0007327293105689813,0.1611178733151653,0.1644272975219784,0.2662242348890603,0.0005000000000000001
0.0007327293105689813,0.1611178733151653,0.01644720938392691,0.2662242348890603,0.0045
0.0007327293105689813,0.1611178733151653,0.01644720938392691,0.8805543357522703,0.0005000000000000001
0.0007327293105689813,0.1611178733151653,0.01644720938392691,0.9673056203629488,0.0005000000000000001
0.0007327293105689813,0.15809554824861005,0.01644720938392691,0.9673056203629488,0.0014999999999999994
0.0007327293105689813,0.15809554824861005,0.01644720938392691,0.14826451714260439,0.0010000000000000002
0.0007327293105689813,0.15809554824861005,0.01644720938392691,0.0027141288881131413,0.0010000000000000002
0.0007327293105689813,0.15809554824861005,0.01644720938392691,0.09950952804037395,0.0020000000000000005
0.0007327293105689813,0.040217816900750034,0.01644720938392691,0.09950952804037395,0.0005000000000000001
0.0007327293105689813,0.040217816900750034,0.01644720938392691,0.045192666929515755,0.0005000000000000001
0.0007327293105689813,0.1486273911409092,0.01644720938392691,0.045192666929515755,0.0005000000000000001
0.0007327293105689813,0.1486273911409092,0.01644720938392691,0.8805543357522703,0.0005000000000000001
0.0007327293105689813,0.1357126564668007,0.01644720938392691,0.8805543357522703,0.0014999999999999994
0.0007327293105689813,0.1357126564668007,0.01644720938392691,0.12562549748490703,0.0014999999999999994
0.0007327293105689813,0.1357126564668007,0.01644720938392691,0.03471041821212647,0.0025000000000000005
0.0007327293105689813,0.28753621862388595,0.01644720938392691,0.03471041821212647,0.004000000000000002
0.0007327293105689813,0.28753621862388595,0.01644720938392691,0.8223029564495736,0.0005000000000000001
0.0007327293105689813,0.28753621862388595,0.01644720938392691,0.06701867681796941,0.0005000000000000001
0.0007327293105689813,0.12473194437275982,0.01644720938392691,0.06701867681796941,0.0005000000000000001
0.0007327293105689813,0.12473194437275982,0.01644720938392691,0.007589248835022694,0.0010000000000000002
0.0007327293105689813,0.23620037323495147,0.01644720938392691,0.007589248835022694,0.0005000000000000001
0.0007327293105689813,0.009950304786239764,0.01644720938392691,0.007589248835022694,0.0005000000000000001
0.0007327293105689813,0.009950304786239764,0.01644720938392691,0.2816046903848695,0.0005000000000000001
0.0007327293105689813,0.009950304786239764,0.01644720938392691,0.08422738576812715,0.0010000000000000002
0.0007327293105689813,0.12259299139529864,0.01644720938392691,0.08422738576812715,0.0005000000000000001
0.0007327293105689813,0.2733194913596552,0.01644720938392691,0.08422738576812715,0.0005000000000000001
0.0007327293105689813,0.2733194913596552,0.01644720938392691,0.00979442664181926,0.0005000000000000001
0.0007327293105689813,0.1289536379520098,0.01644720938392691,0.00979442664181926,0.0005000000000000001
0.0007327293105689813,0.1289536379520098,0.01644720938392691,0.8616120729302639,0.0005000000000000001
0.0007327293105689813,0.040217816900750034,0.01644720938392691,0.8616120729302639,0.0025000000000000005
0.0007327293105689813,0.040217816900750034,0.01644720938392691,0.05098886042936574,0.0010000000000000002
0.0007327293105689813,0.040217816900750034,0.01644720938392691,0.9732617171466297,0.0005000000000000001
0.0007327293105689813,0.016318895932828117,0.01644720938392691,0.9732617171466297,0.0014999999999999994
0.0007327293105689813,0.24327347165170077,0.01644720938392691,0.9732617171466297,0.0005000000000000001
0.0007327293105689813,0.24327347165170077,0.01644720938392691,0.3823730831711756,0.0005000000000000001
0.0007327293105689813,0.24327347165170077,0.01644720938392691,0.08422738576812715,0.0010000000000000002
0.0007327293105689813,0.1495864418003685,0.01644720938392691,0.08422738576812715,0.0010000000000000002
0.0007327293105689813,0.1495864418003685,0.01644720938392691,0.045192666929515755,0.0005000000000000001
0.0007327293105689813,0.1495864418003685,0.01644720938392691,0.007589248835022694,0.0010000000000000002
0.0007327293105689813,0.1495864418003685,0.01644720938392691,0.3877140615639494,0.0005000000000000001
0.0007327293105689813,0.1495864418003685,0.01644720938392691,0.1277422363069103,0.0010000000000000002
0.0007327293105689813,0.1495864418003685,0.01644720938392691,0.0027141288881131413,0.0010000000000000002
0.0007327293105689813,0.0661804335493688,0.01644720938392691,0.0027141288881131413,0.0005000000000000001
0.0007327293105689813,0.040485315555791684,0.01644720938392691,0.0027141288881131413,0.0005000000000000001
0.19315632119077583,0.040485315555791684,0.01644720938392691,0.0027141288881131413,0.0010000000000000002
0.19315632119077583,0.040485315555791684,0.01644720938392691,0.6991479424221753,0.0014999999999999994
0.19315632119077583,0.040217816900750034,0.01644720938392691,0.6991479424221753,0.0005000000000000001
0.19315632119077583,0.040217816900750034,0.01644720938392691,0.38230853482239,0.0010000000000000002
0.19277503353640743,0.040217816900750034,0.01644720938392691,0.38230853482239,0.0010000000000000002
0.19277503353640743,0.040217816900750034,0.1644272975219784,0.38230853482239,0.0005000000000000001
0.19277503353640743,0.040217816900750034,0.1644272975219784,0.24549281950729263,0.0020000000000000005
0.19277503353640743,0.032276927937476906,0.1644272975219784,0.24549281950729263,0.0005000000000000001
0.19277503353640743,0.032276927937476906,0.1644272975219784,0.4214909869275313,0.0010000000000000002
0.0075878843841553426,0.032276927937476906,0.1644272975219784,0.4214909869275313,0.0005000000000000001
0.0075878843841553426,0.032276927937476906,0.4943922865363007,0.4214909869275313,0.0005000000000000001
0.0130153718199777,0.032276927937476906,0.4943922865363007,0.4214909869275313,0.0014999999999999994
0.0130153718199777,0.032276927937476906,0.4943922865363007,0.11622702535651229,0.0014999999999999994
0.0130153718199777,0.032276927937476906,0.4943922865363007,0.00979442664181926,0.0005000000000000001
0.0130153718199777,0.032276927937476906,0.4943922865363007,0.12562549748490703,0.0005000000000000001
0.4072439969656521,0.032276927937476906,0.4943922865363007,0.12562549748490703,0.0005000000000000001
0.4072439969656521,0.032276927937476906,0.4943922865363007,0.1776077445151546,0.0005000000000000001
0.4072439969656521,0.032276927937476906,0.4943922865363007,0.9278300193152288,0.0010000000000000002
0.4072439969656521,0.13469725836790927,0.4943922865363007,0.9278300193152288,0.0005000000000000001
0.4072439969656521,0.13469725836790927,0.4943922865363007,0.00979442664181926,0.0020000000000000005
0.4072439969656521,0.3961782605309129,0.4943922865363007,0.00979442664181926,0.0005000000000000001
0.48245262999623834,0.3961782605309129,0.4943922865363007,0.00979442664181926,0.0005000000000000001
0.48245262999623834,0.1289536379520098,0.4943922865363007,0.00979442664181926,0.0020000000000000005
0.47190253860890113,0.1289536379520098,0.4943922865363007,0.00979442664181926,0.0005000000000000001
0.47190253860890113,0.1289536379520098,0.4943922865363007,0.007589248835022694,0.0005000000000000001
0.15646699901872654,0.1289536379520098,0.4943922865363007,0.007589248835022694,0.003500000000000001
0.15646699901872654,0.14951569756298042,0.4943922865363007,0.007589248835022694,0.0005000000000000001
0.15646699901872654,0.14951569756298042,0.4943922865363007,0.013461959135953426,0.0010000000000000002
0.15646699901872654,0.0015061060649076755,0.4943922865363007,0.013461959135953426,0.0010000000000000002
0.16831444837588058,0.0015061060649076755,0.4943922865363007,0.013461959135953426,0.0010000000000000002
0.09338020654800919,0.0015061060649076755,0.4943922865363007,0.013461959135953426,0.0014999999999999994
0.09338020654800919,0.0015061060649076755,0.4943922865363007,0.68661726401159,0.0005000000000000001
0.09338020654800919,0.0015061060649076755,0.4943922865363007,0.3239396661821489,0.0005000000000000001
0.09338020654800919,0.06429267300512569,0.4943922865363007,0.3239396661821489,0.0025000000000000005
0.09338020654800919,0.06429267300512569,0.4943922865363007,0.3268049494301329,0.0005000000000000001
0.09338020654800919,0.06884705614302362,0.4943922865363007,0.3268049494301329,0.0010000000000000002
0.2847550646632127,0.06884705614302362,0.4943922865363007,0.3268049494301329,0.0010000000000000002
0.2847550646632127,0.3144585256361852,0.4943922865363007,0.3268049494301329,0.0014999999999999994
0.2847550646632127,0.3144585256361852,0.4943922865363007,0.4600289718848652,0.0014999999999999994
0.2847550646632127,0.3144585256361852,0.4943922865363007,0.451637405255751,0.0020000000000000005
0.2847550646632127,0.3144585256361852,0.4943922865363007,0.03620634707116466,0.0010000000000000002
0.2847550646632127,0.3144585256361852,0.4943922865363007,0.439315408853908,0.0020000000000000005
0.2847550646632127,0.3144585256361852,0.4943922865363007,0.05075216691620426,0.0005000000000000001
0.2847550646632127,0.3144585256361852,0.4943922865363007,0.6371610286219891,0.0005000000000000001
0.5980870380763386,0.3144585256361852,0.4943922865363007,0.6371610286219891,0.0005000000000000001
0.4963693415782215,0.3144585256361852,0.4943922865363007,0.6371610286219891,0.0010000000000000002
0.4963693415782215,0.3144585256361852,0.4943922865363007,0.02357620284877052,0.0010000000000000002
0.4963693415782215,0.3144585256361852,0.4943922865363007,0.10076239963870197,0.0010000000000000002
0.4963693415782215,0.3144585256361852,0.4943922865363007,0.09575955804090533,0.0005000000000000001
0.4963693415782215,0.3144585256361852,0.4943922865363007,0.439315408853908,0.003500000000000001
0.2636250554578359,0.3144585256361852,0.4943922865363007,0.439315408853908,0.0020000000000000005
0.2636250554578359,0.3144585256361852,0.4943922865363007,0.2623376302615447,0.0010000000000000002
0.2636250554578359,0.040485315555791684,0.4943922865363007,0.2623376302615447,0.0014999999999999994
0.42268135087659625,0.040485315555791684,0.4943922865363007,0.2623376302615447,0.0005000000000000001
0.42268135087659625,0.13121104340964465,0.4943922865363007,0.2623376302615447,0.0010000000000000002
0.3351783203511975,0.13121104340964465,0.4943922865363007,0.2623376302615447,0.0014999999999999994
0.4674366237220275,0.13121104340964465,0.4943922865363007,0.2623376302615447,0.0014999999999999994
0.038056852126288426,0.13121104340964465,0.4943922865363007,0.2623376302615447,0.0005000000000000001
0.038056852126288426,0.13121104340964465,0.4943922865363007,0.35262144084340574,0.0005000000000000001
0.038056852126288426,0.13121104340964465,0.4943922865363007,0.34198665928971667,0.0014999999999999994
0.038056852126288426,0.13121104340964465,0.4943922865363007,0.24549281950729263,0.0005000000000000001
0.038056852126288426,0.05128940543380052,0.4943922865363007,0.24549281950729263,0.0020000000000000005
0.038056852126288426,0.12259299139529864,0.4943922865363007,0.24549281950729263,0.0005000000000000001
0.038056852126288426,0.12259299139529864,0.4943922865363007,0.02357620284877052,0.0005000000000000001
0.038056852126288426,0.12259299139529864,0.4943922865363007,0.439315408853908,0.0005000000000000001
0.038056852126288426,0.12259299139529864,0.4943922865363007,0.4214909869275313,0.0014999999999999994
0.038056852126288426,0.1486273911409092,0.4943922865363007,0.4214909869275313,0.0014999999999999994
0.038056852126288426,0.1486273911409092,0.4943922865363007,0.07052465802203421,0.0005000000000000001
0.038056852126288426,0.11385865465917956,0.4943922865363007,0.07052465802203421,0.0045
0.038056852126288426,0.11385865465917956,0.4943922865363007,0.68661726401159,0.0010000000000000002
0.038056852126288426,0.11385865465917956,0.4943922865363007,0.14107512391466187,0.0005000000000000001
0.07816443343451095,0.11385865465917956,0.4943922865363007,0.14107512391466187,0.0005000000000000001
0.07816443343451095,0.032276927937476906,0.4943922865363007,0.14107512391466187,0.0010000000000000002
0.14694997804801102,0.032276927937476906,0.4943922865363007,0.14107512391466187,0.0014999999999999994
0.14694997804801102,0.032276927937476906,0.4943922865363007,0.9673056203629488,0.0005000000000000001
0.14694997804801102,0.032276927937476906,0.4943922865363007,0.1776077445151546,0.0005000000000000001
0.14694997804801102,0.032276927937476906,0.4943922865363007,0.4448038179376829,0.0005000000000000001
0.14694997804801102,0.2733194913596552,0.4943922865363007,0.4448038179376829,0.0014999999999999994
0.14694997804801102,0.2733194913596552,0.4943922865363007,0.7928249566672355,0.0020000000000000005
0.14694997804801102,0.2733194913596552,0.4943922865363007,0.0027141288881131413,0.0014999999999999994
0.14694997804801102,0.28753621862388595,0.4943922865363007,0.0027141288881131413,0.0005000000000000001
0.14694997804801102,0.28753621862388595,0.4943922865363007,0.6991479424221753,0.0005000000000000001
0.14694997804801102,0.28753621862388595,0.4943922865363007,0.4600289718848652,0.0005000000000000001
0.14694997804801102,0.28753621862388595,0.4943922865363007,0.10076239963870197,0.0005000000000000001
0.14694997804801102,0.3148480766325711,0.4943922865363007,0.10076239963870197,0.0005000000000000001
0.14694997804801102,0.3148480766325711,0.4943922865363007,0.04854275368747964,0.0010000000000000002
0.21670440994795848,0.3148480766325711,0.4943922865363007,0.04854275368747964,0.002999999999999999
0.21670440994795848,0.3148480766325711,0.4943922865363007,0.0579740617044003,0.0005000000000000001
0.21670440994795848,0.3148480766325711,0.4943922865363007,0.3268049494301329,0.0010000000000000002
0.21670440994795848,0.3148480766325711,0.4943922865363007,0.45218657185653477,0.0005000000000000001
0.21670440994795848,0.3148480766325711,0.4943922865363007,0.09575955804090533,0.0010000000000000002
0.2961641474102954,0.3148480766325711,0.4943922865363007,0.09575955804090533,0.0005000000000000001
0.2961641474102954,0.3148480766325711,0.4943922865363007,0.1928525229319568,0.0005000000000000001
0.2961641474102954,0.3148480766325711,0.4943922865363007,0.8318927957107219,0.0010000000000000002
0.2961641474102954,0.08323615197931467,0.4943922865363007,0.8318927957107219,0.0005000000000000001
0.2961641474102954,0.08323615197931467,0.4943922865363007,0.04791102462443882,0.0010000000000000002
0.2961641474102954,0.08323615197931467,0.4943922865363007,0.3877140615639494,0.0005000000000000001
0.2961641474102954,0.21325294306588216,0.4943922865363007,0.3877140615639494,0.0010000000000000002
0.2961641474102954,0.21325294306588216,0.4943922865363007,0.9278300193152288,0.0005000000000000001
0.2961641474102954,0.21325294306588216,0.4943922865363007,0.776255366207315,0.0005000000000000001
0.2961641474102954,0.1611178733151653,0.4943922865363007,0.776255366207315,0.0010000000000000002
0.2961641474102954,0.1611178733151653,0.4943922865363007,0.6371610286219891,0.0005000000000000001
0.3073047319015718,0.1611178733151653,0.4943922865363007,0.6371610286219891,0.0010000000000000002
0.6326946386275747,0.1611178733151653,0.4943922865363007,0.6371610286219891,0.0010000000000000002
0.6326946386275747,0.1611178733151653,0.4943922865363007,0.439315408853908,0.0005000000000000001
0.6326946386275747,0.47395762702721855,0.4943922865363007,0.439315408853908,0.0010000000000000002
0.6326946386275747,0.47395762702721855,0.4943922865363007,0.1277422363069103,0.0005000000000000001
0.6326946386275747,0.47395762702721855,0.4943922865363007,0.3840626710809047,0.0005000000000000001
0.6326946386275747,0.47395762702721855,0.4943922865363007,0.44837149417332184,0.0010000000000000002
0.6326946386275747,0.47395762702721855,0.4943922865363007,0.36484893688323405,0.0025000000000000005
0.6326946386275747,0.4979101878637422,0.4943922865363007,0.36484893688323405,0.0010000000000000002
0.6326946386275747,0.4848075377659587,0.4943922865363007,0.36484893688323405,0.0005000000000000001
0.743942912493538,0.47395762702721855,0.4943922865363007,0.36484893688323405,0.0014999999999999994
0.743942912493538,0.47395762702721855,0.4943922865363007,0.15459857618816703,0.0014999999999999994
0.5640164557546594,0.47395762702721855,0.4943922865363007,0.15459857618816703,0.0010000000000000002
0.5640164557546594,0.47395762702721855,0.4943922865363007,0.17585027035130008,0.0014999999999999994
0.5640164557546594,0.47395762702721855,0.4943922865363007,0.25357268072897715,0.0020000000000000005
0.5640164557546594,0.47395762702721855,0.4943922865363007,0.04791102462443882,0.0010000000000000002
0.2015421431786712,0.47395762702721855,0.4943922865363007,0.04791102462443882,0.0010000000000000002
0.2015421431786712,0.18160083558894857,0.4943922865363007,0.04791102462443882,0.0010000000000000002
0.2015421431786712,0.18160083558894857,0.4943922865363007,0.25357268072897715,0.0005000000000000001
0.2015421431786712,0.2208248536945934,0.4943922865363007,0.25357268072897715,0.0010000000000000002
0.2015421431786712,0.4848075377659587,0.4943922865363007,0.25357268072897715,0.0010000000000000002
0.2015421431786712,0.4848075377659587,0.4943922865363007,0.6402384784483282,0.002999999999999999
0.18220726571469456,0.4848075377659587,0.4943922865363007,0.6402384784483282,0.0014999999999999994
0.4650153117875969,0.4848075377659587,0.4943922865363007,0.6402384784483282,0.0010000000000000002
0.4650153117875969,0.4848075377659587,0.4943922865363007,0.439315408853908,0.0005000000000000001
0.4650153117875969,0.4848075377659587,0.4943922865363007,0.9278300193152288,0.004000000000000002
0.4650153117875969,0.4848075377659587,0.4943922865363007,0.451637405255751,0.0005000000000000001
0.4650153117875969,0.1611178733151653,0.4943922865363007,0.451637405255751,0.0010000000000000002
0.4650153117875969,0.1611178733151653,0.4943922865363007,0.09575955804090533,0.0010000000000000002
0.14825513135380938,0.1611178733151653,0.4943922865363007,0.09575955804090533,0.0005000000000000001
0.14825513135380938,0.1611178733151653,0.4943922865363007,0.03231132318127731,0.0005000000000000001
0.04350292469172034,0.1611178733151653,0.4943922865363007,0.03231132318127731,0.0020000000000000005
0.04350292469172034,0.1611178733151653,0.4943922865363007,0.007589248835022694,0.002999999999999999
0.04350292469172034,0.1611178733151653,0.4943922865363007,0.7161350221009364,0.0005000000000000001
0.04350292469172034,0.23620037323495147,0.4943922865363007,0.7161350221009364,0.0010000000000000002
0.04350292469172034,0.47395762702721855,0.4943922865363007,0.7161350221009364,0.0005000000000000001
0.04350292469172034,0.21643584255007195,0.4943922865363007,0.7161350221009364,0.0005000000000000001
0.4189030695131901,0.21643584255007195,0.4943922865363007,0.7161350221009364,0.0010000000000000002
0.4189030695131901,0.3961782605309129,0.4943922865363007,0.7161350221009364,0.0010000000000000002
0.4189030695131901,0.023566979771020284,0.4943922865363007,0.7161350221009364,0.0014999999999999994
0.4189030695131901,0.040485315555791684,0.4943922865363007,0.7161350221009364,0.0020000000000000005
0.4189030695131901,0.4432224733357582,0.4943922865363007,0.7161350221009364,0.0005000000000000001
0.5020246909211146,0.4432224733357582,0.4943922865363007,0.7161350221009364,0.0010000000000000002
0.5020246909211146,0.4432224733357582,0.4943922865363007,0.8705211509427997,0.0005000000000000001
0.5020246909211146,0.4432224733357582,0.4943922865363007,0.24671621792760642,0.0005000000000000001
0.586179944447388,0.4432224733357582,0.4943922865363007,0.24671621792760642,0.0005000000000000001
0.6094491154715515,0.4432224733357582,0.4943922865363007,0.24671621792760642,0.0014999999999999994
0.6094491154715515,0.4432224733357582,0.4943922865363007,0.14107512391466187,0.0005000000000000001
0.6094491154715515,0.47395762702721855,0.4943922865363007,0.14107512391466187,0.0005000000000000001
0.6094491154715515,0.47395762702721855,0.4943922865363007,0.9452257597436452,0.0014999999999999994
0.6094491154715515,0.47395762702721855,0.4943922865363007,0.046067995434466526,0.0014999999999999994
0.6094491154715515,0.47395762702721855,0.4943922865363007,0.0034568060293994948,0.0025000000000000005
0.7742950370120258,0.47395762702721855,0.4943922865363007,0.0034568060293994948,0.0014999999999999994
0.10593324215572139,0.47395762702721855,0.4943922865363007,0.0034568060293994948,0.0005000000000000001
0.10593324215572139,0.47395762702721855,0.1644272975219784,0.0034568060293994948,0.0005000000000000001
0.10593324215572139,0.15809554824861005,0.1644272975219784,0.0034568060293994948,0.0005000000000000001
0.10593324215572139,0.15809554824861005,0.1644272975219784,0.2816046903848695,0.0010000000000000002
0.10593324215572139,0.4979101878637422,0.1644272975219784,0.2816046903848695,0.0005000000000000001
0.10593324215572139,0.18160083558894857,0.1644272975219784,0.2816046903848695,0.0005000000000000001
0.10593324215572139,0.18160083558894857,0.1644272975219784,0.10076239963870197,0.0005000000000000001
0.10593324215572139,0.08323615197931467,0.1644272975219784,0.10076239963870197,0.0005000000000000001
0.10593324215572139,0.08323615197931467,0.4943922865363007,0.10076239963870197,0.0010000000000000002
0.10593324215572139,0.08323615197931467,0.4943922865363007,0.12562549748490703,0.0010000000000000002
0.10593324215572139,0.030483642182046074,0.4943922865363007,0.12562549748490703,0.0005000000000000001
0.10593324215572139,0.030483642182046074,0.4943922865363007,0.7161350221009364,0.0020000000000000005
0.10593324215572139,0.030483642182046074,0.4943922865363007,0.12932346308772244,0.0005000000000000001
0.10593324215572139,0.030483642182046074,0.4943922865363007,0.8752422795947407,0.0005000000000000001
0.10593324215572139,0.030483642182046074,0.4943922865363007,0.8616120729302639,0.0010000000000000002
0.29109716020660265,0.030483642182046074,0.4943922865363007,0.8616120729302639,0.0005000000000000001
0.3347038313754718,0.030483642182046074,0.4943922865363007,0.8616120729302639,0.0020000000000000005
0.3347038313754718,0.23620037323495147,0.4943922865363007,0.8616120729302639,0.0005000000000000001
0.05173898866526972,0.23620037323495147,0.4943922865363007,0.8616120729302639,0.002999999999999999
0.05173898866526972,0.23620037323495147,0.4943922865363007,0.3122816969662545,0.0005000000000000001
0.05173898866526972,0.23620037323495147,0.4943922865363007,0.6991479424221753,0.002999999999999999
0.05173898866526972,0.13246785432262964,0.4943922865363007,0.6991479424221753,0.0020000000000000005
0.05173898866526972,0.13246785432262964,0.4943922865363007,0.005386530879707037,0.0010000000000000002
0.05173898866526972,0.13246785432262964,0.4943922865363007,0.12562549748490703,0.0005000000000000001
0.05173898866526972,0.13246785432262964,0.4943922865363007,0.04854275368747964,0.0010000000000000002
0.05173898866526972,0.08323615197931467,0.4943922865363007,0.04854275368747964,0.0025000000000000005
0.05173898866526972,0.08323615197931467,0.4943922865363007,0.22116812141359082,0.0020000000000000005
0.05173898866526972,0.08323615197931467,0.4943922865363007,0.5763429586819787,0.0020000000000000005
0.20176077994485955,0.08323615197931467,0.4943922865363007,0.5763429586819787,0.002999999999999999
0.20176077994485955,0.15809554824861005,0.4943922865363007,0.5763429586819787,0.0005000000000000001
0.4202879816428904,0.15809554824861005,0.4943922865363007,0.5763429586819787,0.0005000000000000001
0.4202879816428904,0.15809554824861005,0.4943922865363007,0.11322140283979008,0.0005000000000000001
0.4202879816428904,0.13469725836790927,0.4943922865363007,0.11322140283979008,0.0005000000000000001
0.10671598512879261,0.13469725836790927,0.4943922865363007,0.11322140283979008,0.0025000000000000005
0.10671598512879261,0.018845850665874467,0.4943922865363007,0.11322140283979008,0.0020000000000000005
0.10671598512879261,0.018845850665874467,0.4943922865363007,0.07052465802203421,0.0010000000000000002
0.10671598512879261,0.018845850665874467,0.4943922865363007,0.13306025362326562,0.0010000000000000002
0.10671598512879261,0.018845850665874467,0.4943922865363007,0.2623376302615447,0.0014999999999999994
0.10671598512879261,0.018845850665874467,0.4943922865363007,0.3823730831711756,0.0010000000000000002
0.19797090399287043,0.018845850665874467,0.4943922865363007,0.3823730831711756,0.0010000000000000002
0.17718564001601872,0.018845850665874467,0.4943922865363007,0.3823730831711756,0.0010000000000000002
0.21972354898037227,0.018845850665874467,0.4943922865363007,0.3823730831711756,0.0010000000000000002
0.21972354898037227,0.20865741160890072,0.4943922865363007,0.3823730831711756,0.0005000000000000001
0.21972354898037227,0.47154718635276804,0.4943922865363007,0.3823730831711756,0.0010000000000000002
0.21972354898037227,0.47154718635276804,0.4943922865363007,0.14826451714260439,0.0010000000000000002
0.21569498817080096,0.47154718635276804,0.4943922865363007,0.14826451714260439,0.0005000000000000001
0.21569498817080096,0.11928922595289353,0.4943922865363007,0.14826451714260439,0.0005000000000000001
0.21569498817080096,0.11928922595289353,0.4943922865363007,0.09950952804037395,0.0005000000000000001
0.21569498817080096,0.1495864418003685,0.4943922865363007,0.09950952804037395,0.0005000000000000001
0.3554943905833685,0.1495864418003685,0.4943922865363007,0.09950952804037395,0.0020000000000000005
0.16033693365224275,0.1495864418003685,0.4943922865363007,0.09950952804037395,0.0005000000000000001
0.16033693365224275,0.1495864418003685,0.4943922865363007,0.07052465802203421,0.0020000000000000005
0.16033693365224275,0.1495864418003685,0.4943922865363007,0.22116812141359082,0.0005000000000000001
0.16033693365224275,0.0968705260355893,0.4943922865363007,0.22116812141359082,0.0010000000000000002
0.16033693365224275,0.0968705260355893,0.4943922865363007,0.1928525229319568,0.0010000000000000002
0.16033693365224275,0.0968705260355893,0.4943922865363007,0.1043394428142119,0.0005000000000000001
0.16033693365224275,0.0968705260355893,0.4943922865363007,0.439315408853908,0.0005000000000000001
0.16033693365224275,0.0968705260355893,0.4943922865363007,0.9293619378271594,0.002999999999999999
0.16033693365224275,0.11385865465917956,0.4943922865363007,0.9293619378271594,0.0005000000000000001
0.16033693365224275,0.11385865465917956,0.4943922865363007,0.3877140615639494,0.0010000000000000002
0.32173900605809125,0.11385865465917956,0.4943922865363007,0.3877140615639494,0.0010000000000000002
0.32173900605809125,0.11385865465917956,0.4943922865363007,0.25357268072897715,0.0005000000000000001
0.32173900605809125,0.11385865465917956,0.4943922865363007,0.10754604959993272,0.0005000000000000001
0.32173900605809125,0.11385865465917956,0.4943922865363007,0.9419655645270949,0.0010000000000000002
0.32173900605809125,0.1357126564668007,0.4943922865363007,0.9419655645270949,0.0020000000000000005
0.32173900605809125,0.1357126564668007,0.4943922865363007,0.04644872230471875,0.0005000000000000001
0.32173900605809125,0.1357126564668007,0.4943922865363007,0.08422738576812715,0.0010000000000000002
0.2943595625662272,0.1357126564668007,0.4943922865363007,0.08422738576812715,0.0010000000000000002
0.1431586994593499,0.1357126564668007,0.4943922865363007,0.08422738576812715,0.002999999999999999
0.1431586994593499,0.3148480766325711,0.4943922865363007,0.08422738576812715,0.0005000000000000001
0.25643372938695996,0.3148480766325711,0.4943922865363007,0.08422738576812715,0.0014999999999999994
0.25643372938695996,0.11928922595289353,0.4943922865363007,0.08422738576812715,0.0005000000000000001
0.23921314483456274,0.11928922595289353,0.4943922865363007,0.08422738576812715,0.0014999999999999994
0.23921314483456274,0.11928922595289353,0.4943922865363007,0.12932346308772244,0.0010000000000000002
0.23921314483456274,0.0015061060649076755,0.4943922865363007,0.12932346308772244,0.0025000000000000005
0.23921314483456274,0.0015061060649076755,0.4943922865363007,0.24233027763369752,0.0010000000000000002
0.19455902862307903,0.0015061060649076755,0.4943922865363007,0.24233027763369752,0.0005000000000000001
0.19455902862307903,0.0015061060649076755,0.4943922865363007,0.13306025362326562,0.0005000000000000001
0.08892579007385863,0.0015061060649076755,0.4943922865363007,0.13306025362326562,0.0005000000000000001
0.08892579007385863,0.0015061060649076755,0.4943922865363007,0.4341157446207684,0.0005000000000000001
0.08892579007385863,0.0015061060649076755,0.4943922865363007,0.68661726401159,0.0005000000000000001
0.08892579007385863,0.0015061060649076755,0.4943922865363007,0.3122816969662545,0.0005000000000000001
0.2804270423425555,0.0015061060649076755,0.4943922865363007,0.3122816969662545,0.0014999999999999994
0.2804270423425555,0.0015061060649076755,0.4943922865363007,0.5741106455233869,0.0010000000000000002
0.2804270423425555,0.0015061060649076755,0.4943922865363007,0.6596156581552298,0.0014999999999999994
0.2804270423425555,0.0015061060649076755,0.4943922865363007,0.24233027763369752,0.0005000000000000001
0.35547496287124186,0.0015061060649076755,0.4943922865363007,0.24233027763369752,0.0005000000000000001
0.35547496287124186,0.0015061060649076755,0.4943922865363007,0.8223029564495736,0.0005000000000000001
0.35547496287124186,0.0015061060649076755,0.4943922865363007,0.09950952804037395,0.0020000000000000005
0.35547496287124186,0.0015061060649076755,0.4943922865363007,0.44837149417332184,0.0014999999999999994
0.35547496287124186,0.21325294306588216,0.4943922865363007,0.44837149417332184,0.0005000000000000001
0.40490821951097844,0.21325294306588216,0.4943922865363007,0.44837149417332184,0.0014999999999999994
0.40490821951097844,0.11928922595289353,0.4943922865363007,0.44837149417332184,0.0014999999999999994
0.40490821951097844,0.4979101878637422,0.4943922865363007,0.44837149417332184,0.0005000000000000001
0.40490821951097844,0.018845850665874467,0.4943922865363007,0.44837149417332184,0.0010000000000000002
0.40490821951097844,0.018845850665874467,0.4943922865363007,0.4600289718848652,0.0005000000000000001
0.40490821951097844,0.4432224733357582,0.4943922865363007,0.4600289718848652,0.0005000000000000001
0.40490821951097844,0.4432224733357582,0.4943922865363007,0.22075698741784575,0.0005000000000000001
0.7069889352980726,0.4432224733357582,0.4943922865363007,0.22075698741784575,0.0010000000000000002
0.7069889352980726,0.4432224733357582,0.4943922865363007,0.027944177001762063,0.0005000000000000001
0.5655221209237207,0.4432224733357582,0.4943922865363007,0.027944177001762063,0.0010000000000000002
0.5655221209237207,0.4432224733357582,0.4943922865363007,0.3268049494301329,0.0005000000000000001
0.643536578987844,0.4432224733357582,0.4943922865363007,0.3268049494301329,0.0025000000000000005
0.643536578987844,0.4432224733357582,0.4943922865363007,0.6402384784483282,0.0005000000000000001
0.7765812857848438,0.4432224733357582,0.4943922865363007,0.6402384784483282,0.0005000000000000001
0.7765812857848438,0.4432224733357582,0.4943922865363007,0.03471041821212647,0.0010000000000000002
0.7765812857848438,0.4432224733357582,0.4943922865363007,0.3268049494301329,0.0010000000000000002
0.7765812857848438,0.4432224733357582,0.4943922865363007,0.25357268072897715,0.0014999999999999994
0.95029046937741,0.4432224733357582,0.4943922865363007,0.25357268072897715,0.0005000000000000001
0.2031741747112636,0.4432224733357582,0.4943922865363007,0.25357268072897715,0.0010000000000000002
0.2031741747112636,0.4432224733357582,0.4943922865363007,0.12932346308772244,0.0010000000000000002
0.2031741747112636,0.4432224733357582,0.4943922865363007,0.8805543357522703,0.0010000000000000002
0.2031741747112636,0.0743269005406798,0.4943922865363007,0.8805543357522703,0.0005000000000000001
0.2031741747112636,0.0743269005406798,0.4943922865363007,0.027944177001762063,0.0010000000000000002
0.2031741747112636,0.0743269005406798,0.4943922865363007,0.4214909869275313,0.0025000000000000005
0.2031741747112636,0.0743269005406798,0.4943922865363007,0.3413651481588187,0.0005000000000000001
0.2031741747112636,0.12259299139529864,0.4943922865363007,0.3413651481588187,0.0005000000000000001
0.2031741747112636,0.12259299139529864,0.4943922865363007,0.39545310972541825,0.0005000000000000001
0.5127308545246048,0.12259299139529864,0.4943922865363007,0.39545310972541825,0.0005000000000000001
0.5127308545246048,0.12259299139529864,0.4943922865363007,0.24671621792760642,0.0014999999999999994
0.4669906787621846,0.12259299139529864,0.4943922865363007,0.24671621792760642,0.0005000000000000001
0.6082181943729517,0.12259299139529864,0.4943922865363007,0.24671621792760642,0.0005000000000000001
0.5651919525376599,0.12259299139529864,0.4943922865363007,0.24671621792760642,0.0010000000000000002
0.7414853439064821,0.12259299139529864,0.4943922865363007,0.24671621792760642,0.0014999999999999994
0.7414853439064821,0.12259299139529864,0.4943922865363007,0.451637405255751,0.0005000000000000001
0.49137486021531657,0.12259299139529864,0.4943922865363007,0.451637405255751,0.0005000000000000001
0.49137486021531657,0.12259299139529864,0.4943922865363007,0.6596156581552298,0.0010000000000000002
0.01525292352735363,0.12259299139529864,0.4943922865363007,0.6596156581552298,0.0010000000000000002
0.01525292352735363,0.2733194913596552,0.4943922865363007,0.6596156581552298,0.0005000000000000001
0.01525292352735363,0.0661804335493688,0.4943922865363007,0.6596156581552298,0.0005000000000000001
0.01525292352735363,0.0661804335493688,0.4943922865363007,0.09950952804037395,0.0010000000000000002
0.01525292352735363,0.0661804335493688,0.4943922865363007,0.007589248835022694,0.0005000000000000001
0.01525292352735363,0.0661804335493688,0.4943922865363007,0.6040984161907842,0.0010000000000000002
0.01525292352735363,0.0661804335493688,0.4943922865363007,0.06701867681796941,0.002999999999999999
0.01525292352735363,0.12259299139529864,0.4943922865363007,0.06701867681796941,0.0005000000000000001
0.01525292352735363,0.06884705614302362,0.4943922865363007,0.06701867681796941,0.0010000000000000002
0.01525292352735363,0.06884705614302362,0.4943922865363007,0.0579740617044003,0.0014999999999999994
0.4193362426465413,0.06884705614302362,0.4943922865363007,0.0579740617044003,0.0005000000000000001
0.4193362426465413,0.06884705614302362,0.4943922865363007,0.2496754171319111,0.0005000000000000001
0.4193362426465413,0.10666355833782698,0.4943922865363007,0.2496754171319111,0.0010000000000000002
0.4193362426465413,0.10666355833782698,0.4943922865363007,0.22075698741784575,0.0005000000000000001
0.32140692619608974,0.10666355833782698,0.4943922865363007,0.22075698741784575,0.0014999999999999994
0.32140692619608974,0.10666355833782698,0.4943922865363007,0.12562549748490703,0.0014999999999999994
0.32140692619608974,0.009950304786239764,0.4943922865363007,0.12562549748490703,0.0010000000000000002
0.1837347082429112,0.009950304786239764,0.4943922865363007,0.12562549748490703,0.0005000000000000001
0.1837347082429112,0.009950304786239764,0.4943922865363007,0.38230853482239,0.0020000000000000005
0.1837347082429112,0.009950304786239764,0.4943922865363007,0.8805543357522703,0.002999999999999999
0.1837347082429112,0.009950304786239764,0.4943922865363007,0.6040984161907842,0.0005000000000000001
0.1837347082429112,0.009950304786239764,0.4943922865363007,0.6991479424221753,0.0005000000000000001
0.1837347082429112,0.009950304786239764,0.4943922865363007,0.10076239963870197,0.0010000000000000002
0.1837347082429112,0.009950304786239764,0.4943922865363007,0.007589248835022694,0.0010000000000000002
0.1837347082429112,0.009950304786239764,0.4943922865363007,0.8964617813056195,0.0010000000000000002
0.18414379182175825,0.009950304786239764,0.4943922865363007,0.8964617813056195,0.0010000000000000002
0.2791125738371365,0.009950304786239764,0.4943922865363007,0.8964617813056195,0.0020000000000000005
0.2791125738371365,0.009950304786239764,0.4943922865363007,0.2623376302615447,0.0010000000000000002
0.2791125738371365,0.009950304786239764,0.4943922865363007,0.25357268072897715,0.0005000000000000001
0.31047476659043977,0.009950304786239764,0.4943922865363007,0.25357268072897715,0.0010000000000000002
0.31047476659043977,0.009950304786239764,0.4943922865363007,0.45218657185653477,0.0010000000000000002
0.4784653024775161,0.009950304786239764,0.4943922865363007,0.45218657185653477,0.0014999999999999994
0.4784653024775161,0.47395762702721855,0.4943922865363007,0.45218657185653477,0.0005000000000000001
0.444020019069599,0.47395762702721855,0.4943922865363007,0.45218657185653477,0.0005000000000000001
0.444020019069599,0.1611178733151653,0.4943922865363007,0.45218657185653477,0.0020000000000000005
0.444020019069599,0.1611178733151653,0.4943922865363007,0.3268049494301329,0.0005000000000000001
0.444020019069599,0.1611178733151653,0.4943922865363007,0.24233027763369752,0.0014999999999999994
0.444020019069599,0.1611178733151653,0.4943922865363007,0.3823730831711756,0.0005000000000000001
0.444020019069599,0.1611178733151653,0.4943922865363007,0.2556312470647445,0.0005000000000000001
0.444020019069599,0.1611178733151653,0.4943922865363007,0.38230853482239,0.0005000000000000001
0.444020019069599,0.1611178733151653,0.4943922865363007,0.24549281950729263,0.0005000000000000001
0.36411241817311607,0.1611178733151653,0.4943922865363007,0.24549281950729263,0.0005000000000000001
0.36411241817311607,0.23620037323495147,0.4943922865363007,0.24549281950729263,0.0005000000000000001
0.41026555289598654,0.23620037323495147,0.4943922865363007,0.24549281950729263,0.0010000000000000002
0.41026555289598654,0.032276927937476906,0.4943922865363007,0.24549281950729263,0.0005000000000000001
0.41026555289598654,0.032276927937476906,0.4943922865363007,0.3840626710809047,0.0005000000000000001
0.30389214620021876,0.032276927937476906,0.4943922865363007,0.3840626710809047,0.0020000000000000005
0.30389214620021876,0.032276927937476906,0.4943922865363007,0.046067995434466526,0.0005000000000000001
0.30389214620021876,0.032276927937476906,0.4943922865363007,0.04854275368747964,0.0020000000000000005
0.019791680709359296,0.032276927937476906,0.4943922865363007,0.04854275368747964,0.0010000000000000002
0.019791680709359296,0.032276927937476906,0.4943922865363007,0.021519316772405848,0.0010000000000000002
0.019791680709359296,0.040485315555791684,0.4943922865363007,0.021519316772405848,0.0010000000000000002
0.019791680709359296,0.0661804335493688,0.4943922865363007,0.021519316772405848,0.0005000000000000001
0.019791680709359296,0.0661804335493688,0.4943922865363007,0.00849882103863081,0.0010000000000000002
0.019791680709359296,0.0661804335493688,0.025046598861536932,0.00849882103863081,0.0010000000000000002
0.019791680709359296,0.2733194913596552,0.025046598861536932,0.00849882103863081,0.0005000000000000001
0.019791680709359296,0.2733194913596552,0.025046598861536932,0.68661726401159,0.0010000000000000002
0.06344534792451655,0.2733194913596552,0.025046598861536932,0.68661726401159,0.0005000000000000001
0.06344534792451655,0.2733194913596552,0.025046598861536932,0.8223029564495736,0.0005000000000000001
0.40266159711524696,0.2733194913596552,0.025046598861536932,0.8223029564495736,0.003500000000000001
0.40266159711524696,0.4432224733357582,0.025046598861536932,0.8223029564495736,0.0010000000000000002
0.40266159711524696,0.4432224733357582,0.025046598861536932,0.30938905820482254,0.0010000000000000002
0.40266159711524696,0.4432224733357582,0.025046598861536932,0.9452257597436452,0.0010000000000000002
0.40266159711524696,0.4432224733357582,0.025046598861536932,0.35262144084340574,0.0010000000000000002
0.40266159711524696,0.4432224733357582,0.025046598861536932,0.20345496311289013,0.0005000000000000001
0.40266159711524696,0.4432224733357582,0.025046598861536932,0.12932346308772244,0.0005000000000000001
0.40266159711524696,0.4432224733357582,0.025046598861536932,0.25711286470381073,0.0005000000000000001
0.40266159711524696,0.4432224733357582,0.025046598861536932,0.3268049494301329,0.0014999999999999994
0.40266159711524696,0.4432224733357582,0.025046598861536932,0.25357268072897715,0.0005000000000000001
0.40266159711524696,0.23656353121607357,0.025046598861536932,0.25357268072897715,0.0014999999999999994
0.40266159711524696,0.23656353121607357,0.025046598861536932,0.12562549748490703,0.0005000000000000001
0.4892309767032078,0.23656353121607357,0.025046598861536932,0.12562549748490703,0.0005000000000000001
0.4892309767032078,0.3961782605309129,0.025046598861536932,0.12562549748490703,0.0005000000000000001
0.29706134995175437,0.3961782605309129,0.025046598861536932,0.12562549748490703,0.0014999999999999994
0.29706134995175437,0.47395762702721855,0.025046598861536932,0.12562549748490703,0.0005000000000000001
0.29706134995175437,0.47395762702721855,0.025046598861536932,0.6991479424221753,0.0005000000000000001
0.29706134995175437,0.47154718635276804,0.025046598861536932,0.6991479424221753,0.0005000000000000001
0.29706134995175437,0.47154718635276804,0.025046598861536932,0.3933989308187818,0.0020000000000000005
0.7313065477189039,0.47154718635276804,0.025046598861536932,0.3933989308187818,0.0005000000000000001
0.7313065477189039,0.47154718635276804,0.025046598861536932,0.45218657185653477,0.0005000000000000001
0.7313065477189039,0.4848075377659587,0.025046598861536932,0.45218657185653477,0.0010000000000000002
0.7313065477189039,0.1357126564668007,0.025046598861536932,0.45218657185653477,0.0010000000000000002
0.8168901441255474,0.1357126564668007,0.025046598861536932,0.45218657185653477,0.0005000000000000001
0.8168901441255474,0.1357126564668007,0.025046598861536932,0.12562549748490703,0.0020000000000000005
0.8168901441255474,0.1357126564668007,0.025046598861536932,0.3268049494301329,0.0005000000000000001
0.8168901441255474,0.1357126564668007,0.025046598861536932,0.36484893688323405,0.0005000000000000001
0.8168901441255474,0.1357126564668007,0.025046598861536932,0.30938905820482254,0.0014999999999999994
0.6710319192076676,0.1357126564668007,0.025046598861536932,0.30938905820482254,0.0020000000000000005
0.6436578661639345,0.1357126564668007,0.025046598861536932,0.30938905820482254,0.0005000000000000001
0.6436578661639345,0.1357126564668007,0.025046598861536932,0.36484893688323405,0.0005000000000000001
0.6436578661639345,0.1357126564668007,0.025046598861536932,0.3828570887077392,0.0005000000000000001
0.6436578661639345,0.1486273911409092,0.025046598861536932,0.3828570887077392,0.0005000000000000001
0.6436578661639345,0.1486273911409092,0.025046598861536932,0.8019858302774481,0.0010000000000000002
0.17697299303789923,0.1486273911409092,0.025046598861536932,0.8019858302774481,0.0005000000000000001
0.17697299303789923,0.15809554824861005,0.025046598861536932,0.8019858302774481,0.0010000000000000002
0.17697299303789923,0.15809554824861005,0.025046598861536932,0.11322140283979008,0.0005000000000000001
0.17697299303789923,0.12259299139529864,0.025046598861536932,0.11322140283979008,0.0010000000000000002
0.17697299303789923,0.18160083558894857,0.025046598861536932,0.11322140283979008,0.0010000000000000002
0.17697299303789923,0.18160083558894857,0.025046598861536932,0.04791102462443882,0.0010000000000000002
0.17697299303789923,0.18160083558894857,0.025046598861536932,0.03854147763600821,0.0005000000000000001
0.33152070685770285,0.18160083558894857,0.025046598861536932,0.03854147763600821,0.0010000000000000002
0.33152070685770285,0.18160083558894857,0.025046598861536932,0.19670638807778848,0.0005000000000000001
0.33152070685770285,0.18160083558894857,0.025046598861536932,0.7928249566672355,0.0005000000000000001
0.17836129552387162,0.18160083558894857,0.025046598861536932,0.7928249566672355,0.005000000000000002
0.29861342288525977,0.18160083558894857,0.025046598861536932,0.7928249566672355,0.0020000000000000005
0.29861342288525977,0.18160083558894857,0.025046598861536932,0.10754604959993272,0.0010000000000000002
0.2921491626385519,0.18160083558894857,0.025046598861536932,0.10754604959993272,0.0010000000000000002
0.16094778627606673,0.18160083558894857,0.025046598861536932,0.10754604959993272,0.0005000000000000001
0.06861269679255423,0.18160083558894857,0.025046598861536932,0.10754604959993272,0.0005000000000000001
0.06861269679255423,0.18160083558894857,0.025046598861536932,0.17585027035130008,0.0010000000000000002
0.06861269679255423,0.011702681454495163,0.025046598861536932,0.17585027035130008,0.0010000000000000002
0.06861269679255423,0.011702681454495163,0.025046598861536932,0.22116812141359082,0.0005000000000000001
0.10152407830530186,0.011702681454495163,0.025046598861536932,0.22116812141359082,0.0005000000000000001
0.10152407830530186,0.011702681454495163,0.025046598861536932,0.8318927957107219,0.0010000000000000002
0.12399379998490323,0.011702681454495163,0.025046598861536932,0.8318927957107219,0.0005000000000000001
0.12399379998490323,0.06429267300512569,0.025046598861536932,0.8318927957107219,0.0005000000000000001
0.12399379998490323,0.06429267300512569,0.025046598861536932,0.68661726401159,0.0005000000000000001
0.019881341858546887,0.06429267300512569,0.025046598861536932,0.68661726401159,0.0005000000000000001
0.019881341858546887,0.06429267300512569,0.4943922865363007,0.68661726401159,0.0025000000000000005
0.019881341858546887,0.06429267300512569,0.4943922865363007,0.3239396661821489,0.0010000000000000002
0.019881341858546887,0.06429267300512569,0.4943922865363007,0.04854275368747964,0.0005000000000000001
0.019881341858546887,0.06429267300512569,0.4943922865363007,0.3883342461070546,0.0010000000000000002
0.019881341858546887,0.06429267300512569,0.4943922865363007,0.7161350221009364,0.0014999999999999994
0.019881341858546887,0.06429267300512569,0.4943922865363007,0.17585027035130008,0.0005000000000000001
0.019881341858546887,0.06429267300512569,0.4943922865363007,0.14107512391466187,0.0005000000000000001
0.019881341858546887,0.06429267300512569,0.4943922865363007,0.027944177001762063,0.0014999999999999994
0.019881341858546887,0.06429267300512569,0.4943922865363007,0.005386530879707037,0.0020000000000000005
0.019881341858546887,0.06429267300512569,0.025046598861536932,0.005386530879707037,0.0014999999999999994
0.019881341858546887,0.21643584255007195,0.025046598861536932,0.005386530879707037,0.0020000000000000005
0.019881341858546887,0.20865741160890072,0.025046598861536932,0.005386530879707037,0.0025000000000000005
0.019881341858546887,0.20865741160890072,0.025046598861536932,0.1277422363069103,0.0014999999999999994
0.019881341858546887,0.20865741160890072,0.025046598861536932,0.25357268072897715,0.0005000000000000001
0.05863012625973226,0.20865741160890072,0.025046598861536932,0.25357268072897715,0.0005000000000000001
0.6899349779404399,0.20865741160890072,0.025046598861536932,0.25357268072897715,0.0014999999999999994
0.49897128224314163,0.20865741160890072,0.025046598861536932,0.25357268072897715,0.0005000000000000001
0.49897128224314163,0.20865741160890072,0.025046598861536932,0.25711286470381073,0.0014999999999999994
0.49897128224314163,0.20865741160890072,0.025046598861536932,0.3823730831711756,0.0005000000000000001
0.49897128224314163,0.20865741160890072,0.025046598861536932,0.045192666929515755,0.0010000000000000002
0.49897128224314163,0.20865741160890072,0.025046598861536932,0.45218657185653477,0.0005000000000000001
0.49897128224314163,0.023566979771020284,0.025046598861536932,0.45218657185653477,0.0005000000000000001
0.49897128224314163,0.023566979771020284,0.025046598861536932,0.25357268072897715,0.0005000000000000001
0.49897128224314163,0.023566979771020284,0.1644272975219784,0.25357268072897715,0.0005000000000000001
0.49897128224314163,0.023566979771020284,0.1644272975219784,0.4600289718848652,0.0005000000000000001
0.49897128224314163,0.023566979771020284,0.1644272975219784,0.11322140283979008,0.0005000000000000001
0.49897128224314163,0.47395762702721855,0.1644272975219784,0.11322140283979008,0.0005000000000000001
0.15309445947028014,0.47395762702721855,0.1644272975219784,0.11322140283979008,0.0005000000000000001
0.1990994651640776,0.47395762702721855,0.1644272975219784,0.11322140283979008,0.0014999999999999994
0.1990994651640776,0.47395762702721855,0.1644272975219784,0.5741106455233869,0.0005000000000000001
0.1990994651640776,0.10364379583071517,0.1644272975219784,0.5741106455233869,0.0005000000000000001
0.1990994651640776,0.10364379583071517,0.1644272975219784,0.30938905820482254,0.0005000000000000001
0.1990994651640776,0.10364379583071517,0.1644272975219784,0.9293619378271594,0.0005000000000000001
0.1990994651640776,0.10364379583071517,0.1644272975219784,0.011008592883388213,0.0010000000000000002
0.1990994651640776,0.055349333518718465,0.1644272975219784,0.011008592883388213,0.0005000000000000001
0.1990994651640776,0.3144585256361852,0.1644272975219784,0.011008592883388213,0.0014999999999999994
0.1990994651640776,0.3144585256361852,0.1644272975219784,0.25711286470381073,0.0005000000000000001
0.1990994651640776,0.23620037323495147,0.1644272975219784,0.25711286470381073,0.0014999999999999994
0.1990994651640776,0.1289536379520098,0.1644272975219784,0.25711286470381073,0.0005000000000000001
0.1990994651640776,0.1289536379520098,0.1644272975219784,0.22075698741784575,0.0020000000000000005
0.12133888618207445,0.1289536379520098,0.1644272975219784,0.22075698741784575,0.0005000000000000001
0.12133888618207445,0.1289536379520098,0.1644272975219784,0.12562549748490703,0.0014999999999999994
0.12133888618207445,0.018845850665874467,0.1644272975219784,0.12562549748490703,0.0005000000000000001
0.12133888618207445,0.018845850665874467,0.1644272975219784,0.0034568060293994948,0.0010000000000000002
0.12133888618207445,0.018845850665874467,0.1644272975219784,0.6596156581552298,0.0014999999999999994
0.15424882480616872,0.018845850665874467,0.1644272975219784,0.6596156581552298,0.0005000000000000001
0.15424882480616872,0.20865741160890072,0.1644272975219784,0.6596156581552298,0.0005000000000000001
0.05931533588492766,0.20865741160890072,0.1644272975219784,0.6596156581552298,0.0020000000000000005
0.05931533588492766,0.20865741160890072,0.1644272975219784,0.04533026751929033,0.002999999999999999
0.05931533588492766,0.20865741160890072,0.1644272975219784,0.04644872230471875,0.0010000000000000002
0.05931533588492766,0.20865741160890072,0.1644272975219784,0.8616120729302639,0.0005000000000000001
0.05931533588492766,0.20865741160890072,0.1644272975219784,0.8223029564495736,0.0010000000000000002
0.05931533588492766,0.20865741160890072,0.1644272975219784,0.1928525229319568,0.0020000000000000005
0.05931533588492766,0.032276927937476906,0.1644272975219784,0.1928525229319568,0.0014999999999999994
0.05931533588492766,0.032276927937476906,0.1644272975219784,0.021519316772405848,0.0025000000000000005
0.05931533588492766,0.032276927937476906,0.1644272975219784,0.8019858302774481,0.0020000000000000005
0.06318049393856481,0.032276927937476906,0.1644272975219784,0.8019858302774481,0.0014999999999999994
0.25476076197894054,0.032276927937476906,0.1644272975219784,0.8019858302774481,0.0010000000000000002
0.25476076197894054,0.032276927937476906,0.1644272975219784,0.12570471770030076,0.0010000000000000002
0.25476076197894054,0.11385865465917956,0.1644272975219784,0.12570471770030076,0.0010000000000000002
0.25476076197894054,0.11385865465917956,0.1644272975219784,0.06701867681796941,0.0014999999999999994
0.25476076197894054,0.11385865465917956,0.1644272975219784,0.24549281950729263,0.0010000000000000002
0.25476076197894054,0.11385865465917956,0.01644720938392691,0.24549281950729263,0.0005000000000000001
0.25476076197894054,0.11385865465917956,0.01644720938392691,0.7025443094749341,0.0005000000000000001
0.25476076197894054,0.11385865465917956,0.01644720938392691,0.30938905820482254,0.0020000000000000005
0.24009181631647386,0.11385865465917956,0.01644720938392691,0.30938905820482254,0.0014999999999999994
0.24009181631647386,0.11385865465917956,0.01644720938392691,0.03231132318127731,0.0014999999999999994
0.24009181631647386,0.11385865465917956,0.01644720938392691,0.6040984161907842,0.0010000000000000002
0.015550087690500926,0.11385865465917956,0.01644720938392691,0.6040984161907842,0.002999999999999999
0.015550087690500926,0.1357126564668007,0.01644720938392691,0.6040984161907842,0.0005000000000000001
0.015550087690500926,0.1357126564668007,0.01644720938392691,0.03854147763600821,0.0005000000000000001
0.015550087690500926,0.0015061060649076755,0.01644720938392691,0.03854147763600821,0.0005000000000000001
0.015550087690500926,0.23656353121607357,0.01644720938392691,0.03854147763600821,0.0020000000000000005
0.015550087690500926,0.23656353121607357,0.01644720938392691,0.02648320044464768,0.0005000000000000001
0.011212219942146865,0.23656353121607357,0.01644720938392691,0.02648320044464768,0.0025000000000000005
0.011212219942146865,0.040485315555791684,0.01644720938392691,0.02648320044464768,0.0005000000000000001
0.011212219942146865,0.040485315555791684,0.01644720938392691,0.8019858302774481,0.0005000000000000001
0.011212219942146865,0.040485315555791684,0.01644720938392691,0.11622702535651229,0.0014999999999999994
0.011212219942146865,0.040485315555791684,0.01644720938392691,0.02357620284877052,0.0005000000000000001
0.011212219942146865,0.3148480766325711,0.01644720938392691,0.02357620284877052,0.0010000000000000002
0.011212219942146865,0.11928922595289353,0.01644720938392691,0.02357620284877052,0.0010000000000000002
0.011212219942146865,0.24327347165170077,0.01644720938392691,0.02357620284877052,0.0014999999999999994
0.011212219942146865,0.24327347165170077,0.01644720938392691,0.5763429586819787,0.0005000000000000001
0.011212219942146865,0.24327347165170077,0.01644720938392691,0.9222516484239115,0.0020000000000000005
0.6049278861970773,0.24327347165170077,0.01644720938392691,0.9222516484239115,0.0005000000000000001
0.6049278861970773,0.24327347165170077,0.01644720938392691,0.3914844371727081,0.0014999999999999994
0.6049278861970773,0.24327347165170077,0.01644720938392691,0.3877140615639494,0.0005000000000000001
0.6049278861970773,0.49216697324871617,0.01644720938392691,0.3877140615639494,0.0005000000000000001
0.6049278861970773,0.023566979771020284,0.01644720938392691,0.3877140615639494,0.0005000000000000001
0.28587177615554066,0.023566979771020284,0.01644720938392691,0.3877140615639494,0.0005000000000000001
0.2999132803763547,0.023566979771020284,0.01644720938392691,0.3877140615639494,0.0010000000000000002
0.2999132803763547,0.023566979771020284,0.01644720938392691,0.1928525229319568,0.0005000000000000001
0.2999132803763547,0.023566979771020284,0.01644720938392691,0.06579080704353402,0.0005000000000000001
0.2999132803763547,0.030483642182046074,0.01644720938392691,0.06579080704353402,0.0010000000000000002
0.2999132803763547,0.030483642182046074,0.01644720938392691,0.3877140615639494,0.0005000000000000001
0.17980281658516942,0.030483642182046074,0.01644720938392691,0.3877140615639494,0.0005000000000000001
0.17980281658516942,0.030483642182046074,0.01644720938392691,0.02648320044464768,0.0005000000000000001
0.17980281658516942,0.055349333518718465,0.01644720938392691,0.02648320044464768,0.0025000000000000005
0.05998657036200837,0.055349333518718465,0.01644720938392691,0.02648320044464768,0.0005000000000000001
0.051027388484550934,0.055349333518718465,0.01644720938392691,0.02648320044464768,0.0014999999999999994
0.051027388484550934,0.18160083558894857,0.01644720938392691,0.02648320044464768,0.0005000000000000001
0.051027388484550934,0.18160083558894857,0.01644720938392691,0.06701867681796941,0.0010000000000000002
0.051027388484550934,0.06884705614302362,0.01644720938392691,0.06701867681796941,0.0005000000000000001
0.051027388484550934,0.06884705614302362,0.01644720938392691,0.04533026751929033,0.0010000000000000002
0.051027388484550934,0.011702681454495163,0.01644720938392691,0.04533026751929033,0.0005000000000000001
0.051027388484550934,0.14951569756298042,0.01644720938392691,0.04533026751929033,0.0010000000000000002
0.051027388484550934,0.14951569756298042,0.01644720938392691,0.03854147763600821,0.0014999999999999994
0.051027388484550934,0.13121104340964465,0.01644720938392691,0.03854147763600821,0.0005000000000000001
0.051027388484550934,0.13121104340964465,0.01644720938392691,0.17730323213855803,0.0005000000000000001
0.051027388484550934,0.13121104340964465,0.4943922865363007,0.17730323213855803,0.0005000000000000001
0.051027388484550934,0.13121104340964465,0.4943922865363007,0.0579740617044003,0.0005000000000000001
0.051027388484550934,0.2208248536945934,0.4943922865363007,0.0579740617044003,0.0010000000000000002
0.051027388484550934,0.2208248536945934,0.4943922865363007,0.8705211509427997,0.0005000000000000001
0.051027388484550934,0.12473194437275982,0.4943922865363007,0.8705211509427997,0.0005000000000000001
0.1581741428940469,0.12473194437275982,0.4943922865363007,0.8705211509427997,0.0005000000000000001
0.1581741428940469,0.12473194437275982,0.4943922865363007,0.3268049494301329,0.0005000000000000001
0.3201097412184948,0.12473194437275982,0.4943922865363007,0.3268049494301329,0.0010000000000000002
0.3201097412184948,0.12473194437275982,0.4943922865363007,0.776255366207315,0.0010000000000000002
0.3201097412184948,0.12473194437275982,0.4943922865363007,0.4448038179376829,0.0010000000000000002
0.14872344673268545,0.12473194437275982,0.4943922865363007,0.4448038179376829,0.0020000000000000005
0.14872344673268545,0.12473194437275982,0.4943922865363007,0.24233027763369752,0.0005000000000000001
0.14872344673268545,0.12473194437275982,0.4943922865363007,0.00979442664181926,0.0005000000000000001
0.14872344673268545,0.12473194437275982,0.4943922865363007,0.451637405255751,0.0005000000000000001
0.14872344673268545,0.12473194437275982,0.4943922865363007,0.34763520055030855,0.0005000000000000001
0.043808183952661124,0.12473194437275982,0.4943922865363007,0.34763520055030855,0.0010000000000000002
0.043808183952661124,0.009950304786239764,0.4943922865363007,0.34763520055030855,0.0010000000000000002
0.043808183952661124,0.23656353121607357,0.4943922865363007,0.34763520055030855,0.0025000000000000005
0.043808183952661124,0.06429267300512569,0.4943922865363007,0.34763520055030855,0.0005000000000000001
0.043808183952661124,0.06429267300512569,0.4943922865363007,0.1277422363069103,0.0010000000000000002
0.31328053554264845,0.06429267300512569,0.4943922865363007,0.1277422363069103,0.0010000000000000002
0.38077104840042664,0.06429267300512569,0.4943922865363007,0.1277422363069103,0.0005000000000000001
0.15696971496306092,0.06429267300512569,0.4943922865363007,0.1277422363069103,0.0005000000000000001
0.2570664994622673,0.06429267300512569,0.4943922865363007,0.1277422363069103,0.0005000000000000001
0.2570664994622673,0.06429267300512569,0.4943922865363007,0.8805543357522703,0.0005000000000000001
0.2570664994622673,0.28753621862388595,0.4943922865363007,0.8805543357522703,0.0010000000000000002
0.2570664994622673,0.28753621862388595,0.4943922865363007,0.11622702535651229,0.0005000000000000001
0.2570664994622673,0.28753621862388595,0.4943922865363007,0.10076239963870197,0.0005000000000000001
0.23814453061015153,0.28753621862388595,0.4943922865363007,0.10076239963870197,0.0025000000000000005
0.23814453061015153,0.2208248536945934,0.4943922865363007,0.10076239963870197,0.0014999999999999994
0.23814453061015153,0.0661804335493688,0.4943922865363007,0.10076239963870197,0.007000000000000003
0.23814453061015153,0.0661804335493688,0.4943922865363007,0.9673056203629488,0.0010000000000000002
0.24050229703210213,0.0661804335493688,0.4943922865363007,0.9673056203629488,0.0010000000000000002
0.24050229703210213,0.0661804335493688,0.4943922865363007,0.021519316772405848,0.0010000000000000002
0.2357332446378418,0.0661804335493688,0.4943922865363007,0.021519316772405848,0.0010000000000000002
0.2357332446378418,0.13246785432262964,0.4943922865363007,0.021519316772405848,0.0025000000000000005
0.2357332446378418,0.13246785432262964,0.4943922865363007,0.02648320044464768,0.0010000000000000002
0.2357332446378418,0.13246785432262964,0.4943922865363007,0.9293619378271594,0.0020000000000000005
0.2357332446378418,0.13246785432262964,0.4943922865363007,0.013461959135953426,0.0020000000000000005
0.19472251183566405,0.13246785432262964,0.4943922865363007,0.013461959135953426,0.0005000000000000001
0.19472251183566405,0.0968705260355893,0.4943922865363007,0.013461959135953426,0.0014999999999999994
0.19472251183566405,0.0968705260355893,0.4943922865363007,0.9673056203629488,0.0005000000000000001
0.19472251183566405,0.0968705260355893,0.4943922865363007,0.24549281950729263,0.0005000000000000001
0.19472251183566405,0.0968705260355893,0.4943922865363007,0.007589248835022694,0.0005000000000000001
0.19472251183566405,0.0968705260355893,0.4943922865363007,0.45218657185653477,0.0005000000000000001
0.19472251183566405,0.0968705260355893,0.4943922865363007,0.021519316772405848,0.0005000000000000001
0.19472251183566405,0.0968705260355893,0.4943922865363007,0.17730323213855803,0.0005000000000000001
0.19472251183566405,0.0968705260355893,0.4943922865363007,0.09575955804090533,0.0005000000000000001
0.19472251183566405,0.47395762702721855,0.4943922865363007,0.09575955804090533,0.0005000000000000001
0.4415214140433871,0.47395762702721855,0.4943922865363007,0.09575955804090533,0.0010000000000000002
0.4415214140433871,0.47395762702721855,0.4943922865363007,0.44837149417332184,0.0005000000000000001
0.4415214140433871,0.10364379583071517,0.4943922865363007,0.44837149417332184,0.0005000000000000001
0.5836214943641813,0.10364379583071517,0.4943922865363007,0.44837149417332184,0.0005000000000000001
0.5836214943641813,0.10364379583071517,0.4943922865363007,0.12570471770030076,0.0005000000000000001
